name,sex,RUID,date_of_birth,student_year,student_school,accessibility_need,low_income_status
Jennifer Stone,F,217058846,1999-04-30,Masters,School of Graduate Studies,0,1
Julie Smith,F,767895904,1999-12-01,Masters,Graduate School of Education,1,0
David Ingram,M,700429566,1996-02-28,Masters,School of Graduate Studies,0,0
Joshua Allen,M,240116548,1999-05-25,Masters,School of Graduate Studies,0,1
Cameron Lee,M,452061098,1998-07-04,Masters,School of Graduate Studies,0,1
Dakota Cooper,M,492881075,1997-08-11,Masters,School of Graduate Studies,0,0
Russell Anderson,M,209102422,1998-06-17,Postdoctoral studies,School of Graduate Studies,0,1
Derek Ryan,M,780099353,1994-12-27,Doctorate,School of Graduate Studies,0,0
Clifford Fisher,M,867176967,1994-07-18,Doctorate,School of Graduate Studies,0,0
Hunter Rivera II,M,345468890,2000-03-05,Postdoctoral studies,School of Graduate Studies,0,1
Adrian Arnold,M,617518027,1997-10-09,Masters,Graduate School of Education,0,1
Christine Alexander,F,266446333,1996-07-23,Doctorate,Graduate School of Applied and Professional Psychology,0,0
Julie Avery,F,257208466,1994-09-22,Masters,School of Graduate Studies,0,0
Danielle Graves,F,328501558,1995-06-05,Masters,School of Graduate Studies,0,1
Charles Martinez,M,565402822,1993-11-11,Masters,School of Graduate Studies,0,0
Jennifer Chavez,F,166462581,1998-12-26,Postdoctoral studies,School of Graduate Studies,0,0
Steven Williams,M,452579286,1997-05-16,Postdoctoral studies,School of Graduate Studies,0,1
Elizabeth Craig,F,508283532,1998-07-05,Doctorate,School of Graduate Studies,0,0
Darren Hensley,M,873053925,1999-03-17,Masters,School of Graduate Studies,0,0
Roy Romero,M,669350313,1995-07-16,Masters,School of Graduate Studies,0,0
Jeffrey Knapp MD,M,781991422,1998-01-07,Postdoctoral studies,Graduate School of Education,0,0
Hunter Gilmore,M,731259678,1999-06-01,Doctorate,Graduate School of Applied and Professional Psychology,0,0
Amanda Zimmerman,F,157780973,1995-10-19,Masters,Graduate School of Education,0,0
William Miller,M,900039536,1995-02-09,Masters,School of Graduate Studies,0,1
Vanessa Black,F,357404337,1997-01-03,Doctorate,School of Graduate Studies,0,1
Samantha Hanson,F,406745437,1996-12-11,Masters,Graduate School of Applied and Professional Psychology,1,1
Theresa Golden,F,384210429,1998-10-04,Masters,Graduate School of Education,0,0
Jose Butler,M,516539338,1998-06-05,Doctorate,School of Graduate Studies,0,0
John Miller,M,513413047,1998-09-02,Doctorate,School of Graduate Studies,0,0
Karen Russo,F,667993332,1997-07-24,Doctorate,School of Graduate Studies,0,0
Brandon Thomas,M,672055804,1997-11-21,Postdoctoral studies,School of Graduate Studies,0,0
Ronnie Johnston,M,672807060,1993-10-24,Masters,School of Graduate Studies,0,0
Larry Brown,M,197314716,1993-12-05,Masters,School of Graduate Studies,0,0
Tyler White,M,493467716,1994-12-07,Masters,School of Graduate Studies,0,0
Robert Silva,M,474259550,1997-12-04,Masters,School of Graduate Studies,1,1
Gabrielle Lewis,F,675350063,1997-03-18,Postdoctoral studies,Graduate School of Education,0,0
Shannon Hernandez,F,861690946,1994-08-06,Masters,Graduate School of Education,0,0
Taylor Williams,M,124841196,1995-07-04,Postdoctoral studies,School of Graduate Studies,0,0
Jaclyn Bond,F,439357663,1998-04-09,Doctorate,School of Graduate Studies,0,1
Kathleen Clark,F,966062372,1996-07-07,Postdoctoral studies,Graduate School of Applied and Professional Psychology,0,0
Raymond Pruitt,M,699309875,1996-01-05,Masters,School of Graduate Studies,0,0
Preston Kane,M,648856078,1998-10-09,Doctorate,School of Graduate Studies,0,0
Sydney Lutz,F,899062306,1999-06-24,Doctorate,School of Graduate Studies,0,0
Veronica Whitney,F,439269299,1999-05-12,Masters,Graduate School of Education,0,0
Brandon Lin,M,800754016,1997-03-03,Masters,Graduate School of Education,0,1
Stephanie Lara,F,948568243,1995-08-31,Doctorate,School of Graduate Studies,0,0
Alyssa Wright,F,160502064,2000-01-17,Masters,School of Graduate Studies,0,1
Sarah Walker,F,343764116,1999-01-09,Doctorate,Graduate School of Education,0,0
Rachel Carr,F,557737198,1996-02-11,Masters,School of Graduate Studies,0,0
Karen Hanna,F,332559909,1994-02-27,Doctorate,School of Graduate Studies,0,0
Hannah Burns,F,482518533,1998-07-10,Doctorate,School of Graduate Studies,0,0
Antonio Young,M,219797334,1994-09-02,Masters,School of Graduate Studies,0,1
William Harvey,M,104643272,1995-10-14,Masters,Graduate School of Education,0,0
Eric Espinoza,M,387918930,1995-04-14,Masters,Graduate School of Applied and Professional Psychology,0,1
Melissa Hamilton,F,480204825,1997-12-15,Masters,Graduate School of Applied and Professional Psychology,0,0
Kelsey Strickland,F,580022653,1995-08-24,Masters,Graduate School of Education,0,0
Mary Cordova,F,363940439,1994-11-28,Masters,Graduate School of Applied and Professional Psychology,0,0
Sabrina Murray,F,974009663,1994-10-23,Doctorate,Graduate School of Education,0,1
Kelly Lewis,F,667307991,1998-11-01,Masters,Graduate School of Applied and Professional Psychology,0,1
Sydney Adkins,F,877976074,1994-07-15,Doctorate,School of Graduate Studies,0,0
Aaron King,M,797203577,1995-01-13,Doctorate,School of Graduate Studies,0,0
Catherine Reed,F,403912114,1996-12-30,Masters,Graduate School of Education,1,0
Jason Zhang,M,860755347,1997-09-14,Masters,School of Graduate Studies,0,0
Karina Crawford,F,961842530,1997-11-05,Postdoctoral studies,School of Graduate Studies,0,0
Joseph Rivera,M,338031268,1998-02-16,Masters,School of Graduate Studies,0,1
David Roberts,M,463608924,1993-12-18,Doctorate,School of Graduate Studies,1,0
Kathryn Stewart,F,255821404,1998-08-27,Masters,School of Graduate Studies,0,1
Catherine Bell,F,283528867,1996-05-05,Doctorate,School of Graduate Studies,0,0
Michael Smith,M,808053510,1995-05-27,Postdoctoral studies,School of Graduate Studies,0,1
James White,M,708610867,1994-09-23,Doctorate,School of Graduate Studies,0,0
David Perez,M,738801356,1994-07-18,Masters,School of Graduate Studies,0,0
Regina Tucker,F,873435955,1997-01-27,Masters,School of Graduate Studies,0,0
Dr. Heather Schwartz,F,336846227,1998-10-11,Doctorate,Graduate School of Applied and Professional Psychology,0,1
Brittany Myers,F,900587676,2000-05-14,Masters,School of Graduate Studies,0,0
Bradley Flynn,M,137567566,1995-04-22,Doctorate,School of Graduate Studies,0,0
Richard Henderson,M,729097413,1997-01-13,Doctorate,School of Graduate Studies,0,0
Justin Davis,M,541107432,1998-02-10,Masters,School of Graduate Studies,0,1
Tracie Rodriguez,F,719911166,1994-09-09,Postdoctoral studies,Graduate School of Education,0,0
Carl Sanchez,M,164591023,1995-03-26,Doctorate,Graduate School of Education,0,0
James Weber,M,629981279,1993-12-24,Masters,Graduate School of Education,0,0
Matthew Rodgers,M,607731734,1995-10-08,Doctorate,School of Graduate Studies,0,0
Sean Hunt,M,160739587,1999-05-01,Masters,School of Graduate Studies,0,1
Adam Arroyo,M,373730660,1994-01-02,Doctorate,School of Graduate Studies,0,1
Jennifer Brown,F,991519553,1994-11-19,Doctorate,Graduate School of Education,0,0
Ryan Jones,M,516495710,1998-09-21,Postdoctoral studies,Graduate School of Education,0,0
Theresa Ward,F,453049578,1999-10-26,Masters,School of Graduate Studies,1,0
Joseph Nichols,M,435299646,1998-06-13,Doctorate,School of Graduate Studies,0,0
Darrell Soto,M,628059985,1996-12-17,Doctorate,School of Graduate Studies,0,0
Frank Johnson,M,595889064,2000-04-05,Masters,School of Graduate Studies,0,0
Maria Rodriguez,F,816795114,1998-09-16,Doctorate,School of Graduate Studies,0,0
Danielle Nichols,F,910595769,1996-03-30,Doctorate,School of Graduate Studies,0,0
Donna Schmidt,F,260100241,1994-12-19,Masters,Graduate School of Applied and Professional Psychology,0,1
Emily Wall,F,919653912,1998-12-21,Doctorate,School of Graduate Studies,0,0
Frank Adams,M,100088330,1997-01-23,Doctorate,Graduate School of Education,0,0
Sarah Larson,F,326900602,1994-05-02,Doctorate,Graduate School of Applied and Professional Psychology,0,0
Jonathan Ashley,M,423051067,1997-02-17,Masters,School of Graduate Studies,0,0
Mario Alexander,M,216267632,1999-06-04,Doctorate,School of Graduate Studies,0,0
William Monroe,M,901046333,2000-09-24,Masters,School of Graduate Studies,0,0
Gregory Torres,M,168312139,1999-02-12,Masters,School of Graduate Studies,0,1
Monica Maynard,F,598558260,1995-03-29,Masters,School of Graduate Studies,0,1
Anthony Lambert,M,862250854,1996-08-21,Masters,School of Graduate Studies,0,0
Dylan Jones,M,339751984,1994-05-14,Doctorate,Graduate School of Applied and Professional Psychology,0,1
Justin Lang,M,112948747,1998-08-14,Masters,School of Graduate Studies,0,0
Stephen Long,M,255939123,1994-06-19,Masters,Graduate School of Education,0,1
Joshua Livingston,M,968448571,1995-11-06,Masters,Graduate School of Applied and Professional Psychology,0,0
Brenda May,F,623774929,1999-10-29,Masters,School of Graduate Studies,0,1
Nicholas Holder,M,655212468,2000-08-14,Doctorate,School of Graduate Studies,1,0
Brendan Jones,M,177899478,1999-05-13,Doctorate,School of Graduate Studies,0,0
Erin Lewis,F,812385946,1994-08-20,Masters,School of Graduate Studies,0,0
Juan Rice,M,120556816,1998-06-26,Doctorate,School of Graduate Studies,0,0
Jeremy Howard,M,710980418,1996-08-14,Masters,School of Graduate Studies,0,0
Allen Knapp,M,214699764,2000-03-24,Masters,School of Graduate Studies,0,1
Diana Sanders,F,524164228,1994-04-07,Masters,School of Graduate Studies,0,0
Stephanie Delgado,F,166905001,1993-10-30,Doctorate,School of Graduate Studies,0,1
James Walsh,M,149703463,1995-02-14,Doctorate,School of Graduate Studies,0,1
Gregory Cortez,M,385160633,2000-06-04,Masters,Graduate School of Education,0,1
Nathan Cunningham,M,366254169,1998-03-30,Masters,School of Graduate Studies,0,1
Tony Robinson,M,113315817,1994-08-31,Masters,Graduate School of Applied and Professional Psychology,0,0
John Guerrero,M,771598669,2000-03-22,Masters,School of Graduate Studies,0,0
Miguel Owens,M,842840287,2000-09-05,Masters,School of Graduate Studies,0,1
Joshua Romero,M,643099373,2000-04-15,Postdoctoral studies,Graduate School of Education,0,0
Jonathan Scott,M,776136703,1998-09-04,Masters,School of Graduate Studies,0,1
Bryan Cabrera,M,348855881,1998-01-14,Masters,School of Graduate Studies,0,1
Shelly Torres,F,921202032,1999-02-26,Masters,Graduate School of Education,0,1
Ruben Stewart,M,151535568,1999-02-07,Doctorate,School of Graduate Studies,0,1
Cindy Wall,F,898460194,1999-05-18,Masters,School of Graduate Studies,0,0
Mitchell Simpson,M,624071308,1999-04-16,Doctorate,Graduate School of Applied and Professional Psychology,0,0
Thomas Castro,M,500327018,1999-02-17,Masters,School of Graduate Studies,0,0
Stephanie White,F,828291725,2000-02-27,Doctorate,School of Graduate Studies,0,0
Sabrina Lewis DDS,F,176376295,1998-08-11,Doctorate,Graduate School of Education,0,0
Tina King,F,711535142,1998-11-14,Doctorate,School of Graduate Studies,0,0
Mrs. Margaret Gomez DDS,F,542003103,2000-08-28,Masters,School of Graduate Studies,0,0
Nicholas Peterson,M,863918283,1996-06-16,Masters,Graduate School of Education,0,0
Joseph Barnes,M,523141954,1997-09-17,Doctorate,School of Graduate Studies,0,1
Kendra Wood,F,436773712,1997-07-01,Masters,School of Graduate Studies,0,0
Sue Powell,F,381159684,1997-05-02,Masters,Graduate School of Education,0,1
Donna Lopez,F,964080254,1998-02-24,Masters,Graduate School of Applied and Professional Psychology,0,1
Zachary Fry,M,118219599,1999-04-12,Masters,Graduate School of Education,0,0
Kayla Harrell,F,331716086,1997-07-28,Postdoctoral studies,School of Graduate Studies,0,1
Ashley Morrison,F,611037911,1998-11-27,Masters,School of Graduate Studies,0,1
Debra James,F,180277548,1995-04-09,Masters,School of Graduate Studies,0,1
Jordan Espinoza,F,995419976,1993-11-29,Masters,School of Graduate Studies,0,1
Michael Reed,M,856519964,1995-04-21,Masters,School of Graduate Studies,0,0
Amy Howell,F,622819560,1998-05-07,Masters,School of Graduate Studies,0,0
Carly Mayer,F,282470099,1994-06-20,Masters,School of Graduate Studies,0,0
Alejandro Perez,M,785545458,1995-03-09,Masters,Graduate School of Applied and Professional Psychology,0,0
Nancy Lowe,F,966532047,1998-09-06,Postdoctoral studies,School of Graduate Studies,0,0
Oscar Garcia,M,150664436,1994-10-21,Doctorate,School of Graduate Studies,0,0
Elizabeth Rodriguez,F,104713813,2000-06-14,Masters,Graduate School of Applied and Professional Psychology,0,0
Lindsey Walker,F,229748979,1996-10-13,Doctorate,School of Graduate Studies,0,0
Sean Smith,M,972690278,1997-07-14,Postdoctoral studies,School of Graduate Studies,0,1
Michael Richardson,M,654033238,1997-05-10,Doctorate,School of Graduate Studies,0,1
James Jones,M,531129713,1994-02-24,Doctorate,School of Graduate Studies,0,1
Gary Dunn,M,603025261,1997-10-10,Doctorate,Graduate School of Education,0,0
Richard Hart,M,167719251,1994-12-31,Doctorate,School of Graduate Studies,0,0
Carlos Mills,M,980379335,1998-05-06,Masters,School of Graduate Studies,0,1
Jennifer Fletcher,F,872162279,1998-11-02,Doctorate,School of Graduate Studies,0,1
David Wheeler,M,957943447,1995-08-26,Masters,Graduate School of Education,0,0
Olivia Horn,F,633528268,1994-01-04,Masters,School of Graduate Studies,0,1
Glenda Hansen,F,157634151,2000-03-08,Masters,School of Graduate Studies,1,0
Lauren Velasquez,F,832753120,1999-04-30,Doctorate,Graduate School of Education,0,0
Jennifer Martin,F,209803428,1997-07-25,Masters,School of Graduate Studies,0,0
Michael Sutton,M,520878498,1994-09-13,Masters,School of Graduate Studies,0,0
Melissa Davis,F,617801961,1996-05-30,Masters,School of Graduate Studies,0,1
Kent Garcia,M,146510240,1997-06-26,Masters,School of Graduate Studies,0,0
William Davis,M,274447100,1997-03-16,Postdoctoral studies,School of Graduate Studies,0,0
Lindsey Simpson DDS,F,907847919,1996-01-09,Doctorate,School of Graduate Studies,0,0
Garrett Cunningham,M,892860420,1996-03-07,Postdoctoral studies,School of Graduate Studies,0,0
Stephanie Sosa,F,167042691,1998-11-25,Doctorate,School of Graduate Studies,0,0
Deborah Bentley,F,179064761,1996-09-08,Doctorate,Graduate School of Education,0,1
Traci Garrett,F,425557022,1994-12-07,Doctorate,School of Graduate Studies,0,0
Miranda Rodriguez,F,372698087,1996-11-16,Postdoctoral studies,School of Graduate Studies,0,0
Ann Griffin,F,558779194,1999-03-05,Doctorate,School of Graduate Studies,0,0
Joshua Parrish,M,689817552,1993-11-12,Masters,School of Graduate Studies,0,1
Manuel Riggs,M,382685212,1994-10-21,Masters,School of Graduate Studies,0,0
Bradley Velez,M,814223149,1998-02-01,Masters,Graduate School of Education,0,0
Michael Massey,M,255152728,1996-05-27,Doctorate,School of Graduate Studies,0,0
Jessica Dean,F,643350458,1995-03-23,Doctorate,School of Graduate Studies,0,1
Cassandra Jordan,F,315493219,1997-11-03,Masters,Graduate School of Applied and Professional Psychology,0,1
Jessica Gallegos,F,877252014,1997-07-06,Masters,School of Graduate Studies,0,0
Lee Carlson,M,129185143,1999-07-19,Masters,School of Graduate Studies,0,0
Ashley Hawkins,F,630960236,2000-02-26,Doctorate,Graduate School of Education,0,0
Brenda Pierce MD,F,883289176,1998-07-19,Doctorate,Graduate School of Education,0,0
Stephen Soto,M,707282956,1998-10-12,Doctorate,School of Graduate Studies,0,0
Michael Mccarty,M,917112981,1997-09-24,Masters,Graduate School of Education,0,0
Michael Hart,M,583839485,1999-08-23,Doctorate,Graduate School of Education,0,0
Cole Cameron,M,337401430,1995-01-11,Postdoctoral studies,Graduate School of Education,0,0
Jamie Harper,F,627498809,1998-03-30,Doctorate,Graduate School of Applied and Professional Psychology,0,0
Stacey Erickson,F,952176364,1999-01-16,Doctorate,School of Graduate Studies,0,0
Alfred Hebert,M,597149188,1999-07-06,Postdoctoral studies,School of Graduate Studies,0,0
Arthur Swanson,M,533698715,1995-10-22,Doctorate,School of Graduate Studies,0,1
Christopher Colon,M,926637268,1995-01-31,Doctorate,School of Graduate Studies,0,0
Luis Bishop,M,297788633,1999-01-12,Postdoctoral studies,School of Graduate Studies,0,0
Frank Erickson,M,631918229,1998-12-05,Doctorate,School of Graduate Studies,0,0
Bryce Alvarado,M,581392964,1999-08-08,Postdoctoral studies,School of Graduate Studies,0,0
Andrea Caldwell,F,343295051,1994-01-11,Doctorate,Graduate School of Applied and Professional Psychology,0,0
Julie Robinson,F,828017415,1998-07-16,Doctorate,Graduate School of Applied and Professional Psychology,0,0
Nichole Barrera,F,335292927,2000-08-23,Doctorate,School of Graduate Studies,0,1
David Howard,M,908538505,1998-03-06,Doctorate,Graduate School of Applied and Professional Psychology,0,0
Stephanie Wright,F,206916093,1998-05-23,Doctorate,Graduate School of Applied and Professional Psychology,0,0
Juan Roberts,M,916857544,1998-01-23,Postdoctoral studies,School of Graduate Studies,0,0
Lauren Pacheco,F,533271194,1996-10-20,Postdoctoral studies,School of Graduate Studies,0,0
Jorge Richmond,M,659862989,1996-03-14,Masters,Graduate School of Education,0,1
Lisa Carlson,F,535701275,1999-01-04,Masters,School of Graduate Studies,0,1
Brooke Smith,F,416170723,1998-03-18,Masters,School of Graduate Studies,0,0
Tim Burgess,M,115015495,1994-12-27,Doctorate,School of Graduate Studies,0,0
Jason Gibson,M,751433592,1995-06-29,Doctorate,Graduate School of Applied and Professional Psychology,0,0
Samantha Stone,F,316048779,1997-06-21,Postdoctoral studies,School of Graduate Studies,0,1
Elizabeth Black,F,903804463,1997-06-05,Masters,Graduate School of Education,0,0
Shane Thomas,M,904360415,1998-07-01,Doctorate,School of Graduate Studies,0,0
Erin Smith,F,266803398,1996-10-04,Masters,Graduate School of Education,0,0
Christina Yates,F,304500858,1997-08-05,Masters,School of Graduate Studies,0,0
James Freeman,M,289348634,1999-07-20,Doctorate,School of Graduate Studies,0,1
Samuel Davenport,M,434526846,1995-02-22,Postdoctoral studies,School of Graduate Studies,0,1
Kevin Obrien,M,150823480,1999-11-07,Masters,School of Graduate Studies,0,1
Carlos Wade,M,516473350,1994-09-05,Doctorate,School of Graduate Studies,0,0
Ryan Johnson,M,417765994,1999-09-09,Postdoctoral studies,School of Graduate Studies,0,0
Jodi Hampton,F,304456746,1998-08-29,Doctorate,School of Graduate Studies,0,0
Taylor Santos,F,227125211,2000-08-26,Masters,School of Graduate Studies,0,0
Robert Ramsey,M,460101865,1995-11-26,Postdoctoral studies,Graduate School of Education,0,0
Nicole Thomas,F,433566533,1996-02-23,Masters,School of Graduate Studies,0,1
Brian Fitzpatrick,M,344896987,1999-10-17,Postdoctoral studies,School of Graduate Studies,0,0
Joshua Nash,M,502237904,1994-01-05,Doctorate,School of Graduate Studies,0,0
Trevor Lewis MD,M,761460177,1995-12-29,Doctorate,School of Graduate Studies,0,0
Samantha Wilson,F,723160075,1999-12-27,Postdoctoral studies,School of Graduate Studies,0,1
Melissa Deleon,F,322541308,1994-03-28,Postdoctoral studies,School of Graduate Studies,0,0
Melissa Arnold,F,893417221,1997-05-20,Doctorate,School of Graduate Studies,0,1
Michelle Gonzales,F,514133425,1995-07-15,Masters,School of Graduate Studies,0,1
Andrew Bradley,M,641526837,1998-08-17,Masters,Graduate School of Education,0,0
Charles Garner,M,115361098,1996-10-29,Masters,School of Graduate Studies,0,0
Misty Richmond,F,390375241,1994-01-19,Doctorate,Graduate School of Education,0,0
Kaitlyn Carey,F,680865749,1998-07-11,Doctorate,School of Graduate Studies,0,0
Steve Peterson,M,570023436,1994-01-18,Doctorate,School of Graduate Studies,1,0
Donna Whitaker,F,809930881,1996-11-27,Masters,Graduate School of Education,0,0
Thomas Cantu,M,685185360,1998-05-15,Doctorate,School of Graduate Studies,0,1
Julie Baker,F,466522287,1997-01-15,Masters,School of Graduate Studies,0,1
Jennifer Golden,F,798703335,1999-07-10,Doctorate,School of Graduate Studies,0,1
Richard Frank,M,127511254,1999-12-02,Masters,Graduate School of Education,0,0
Sean Mcknight,M,468888450,2000-03-22,Masters,School of Graduate Studies,0,0
Nicholas Robles,M,777830511,1996-08-29,Masters,School of Graduate Studies,0,0
James Kane,M,898440587,1995-01-26,Masters,Graduate School of Education,0,1
Daniel Davis,M,299031307,1996-08-02,Masters,School of Graduate Studies,0,0
Michelle Stewart,F,993831333,1998-12-14,Masters,School of Graduate Studies,0,0
Sarah Matthews,F,651545505,1996-10-21,Postdoctoral studies,School of Graduate Studies,0,0
Allen Buchanan,M,743266009,1996-05-01,Doctorate,School of Graduate Studies,0,0
Maria Weaver,F,229328917,1998-03-01,Masters,School of Graduate Studies,0,0
Michelle Stein,F,800056627,1994-03-14,Doctorate,School of Graduate Studies,0,0
Jose Hoffman,M,658986317,1995-06-17,Masters,Graduate School of Education,0,0
Samantha Peck,F,303658356,2000-01-25,Masters,Graduate School of Education,0,0
Paul Henry,M,118044347,1999-10-17,Masters,School of Graduate Studies,0,0
Michael Jones,M,109318580,1994-03-30,Postdoctoral studies,Graduate School of Education,0,0
Nathan Chavez,M,727688981,1995-12-25,Masters,School of Graduate Studies,0,1
Timothy Hawkins,M,101436014,1995-02-06,Doctorate,School of Graduate Studies,0,0
Sharon Landry,F,497243092,1995-09-18,Masters,School of Graduate Studies,0,0
Robert Bennett,M,583484362,1997-05-28,Masters,School of Graduate Studies,0,1
Michael Garcia,M,178699396,1998-02-21,Masters,Graduate School of Education,0,0
Nicholas Mckee,M,881890527,1999-07-02,Masters,Graduate School of Applied and Professional Psychology,0,1
Kimberly Underwood,F,386524747,1997-09-24,Masters,School of Graduate Studies,1,1
Cheryl Garrett,F,489579420,1998-03-20,Doctorate,School of Graduate Studies,1,0
Christopher Hanson,M,664417841,1995-12-05,Masters,School of Graduate Studies,0,1
John Richardson,M,271147486,2000-06-01,Masters,School of Graduate Studies,0,0
Benjamin Smith,M,601165672,1994-02-05,Masters,School of Graduate Studies,0,0
Mary Singh,F,547322616,1996-04-26,Masters,Graduate School of Education,0,0
Denise Burgess,F,922333531,2000-02-09,Postdoctoral studies,School of Graduate Studies,0,0
Dylan Leblanc,M,648876797,1994-09-23,Doctorate,School of Graduate Studies,0,0
Tiffany Ramirez,F,174353194,1996-06-14,Masters,Graduate School of Education,0,0
Shawn Williams,M,921922963,1998-07-06,Masters,School of Graduate Studies,0,0
Brandon Johnson,M,385162722,1995-03-10,Doctorate,School of Graduate Studies,0,0
Nathan Howell,M,332217630,1995-04-14,Doctorate,School of Graduate Studies,0,0
Patricia Gomez,F,383480213,1997-11-27,Postdoctoral studies,Graduate School of Applied and Professional Psychology,0,0
Jennifer Smith,F,747114198,1995-09-04,Masters,School of Graduate Studies,0,0
Michelle Barnett,F,179420146,1995-08-07,Doctorate,School of Graduate Studies,0,0
Margaret Garcia,F,343003019,1997-11-27,Doctorate,School of Graduate Studies,0,0
Jason Kelly,M,810942610,1998-06-01,Doctorate,School of Graduate Studies,0,0
Krista Evans,F,367129600,1995-12-18,Doctorate,School of Graduate Studies,0,1
Teresa Collins PhD,F,799224043,1994-06-16,Doctorate,School of Graduate Studies,0,1
Samantha George,F,774579179,1999-02-16,Masters,School of Graduate Studies,1,0
Robert Evans,M,103336978,1996-03-02,Masters,Graduate School of Education,0,0
Michael Blankenship,M,753223846,1995-01-18,Doctorate,School of Graduate Studies,0,1
Mr. James Erickson Jr.,M,449814012,1995-12-26,Masters,Graduate School of Education,0,1
David Mitchell,M,929543131,1999-08-12,Masters,School of Graduate Studies,0,0
Kristen Holland,F,398860749,1997-09-17,Masters,School of Graduate Studies,0,0
Angela Hernandez,F,909088086,2000-03-10,Doctorate,Graduate School of Education,0,0
Michael Ponce,M,372557201,2000-09-25,Doctorate,School of Graduate Studies,0,0
Crystal Bowman,F,192513849,1994-06-15,Doctorate,School of Graduate Studies,0,1
Anne Johnson,F,292797667,1996-12-07,Postdoctoral studies,School of Graduate Studies,0,0
David Underwood,M,624254599,2000-05-28,Doctorate,Graduate School of Education,0,0
Emma Davis,F,855743068,1996-04-25,Postdoctoral studies,Graduate School of Education,0,1
Eric Wade,M,733742419,1997-03-23,Doctorate,School of Graduate Studies,0,0
Anthony Adkins,M,211644990,1998-06-29,Doctorate,School of Graduate Studies,0,1
Ryan Moore,M,222338457,1994-03-04,Postdoctoral studies,School of Graduate Studies,0,0
Carla Logan,F,251518647,1994-07-23,Doctorate,School of Graduate Studies,0,0
Danielle George,F,907376381,1999-09-19,Masters,School of Graduate Studies,0,1
Michael Snyder Jr.,M,572867554,1995-09-19,Masters,Graduate School of Education,0,1
Matthew Smith,M,692137732,1999-03-09,Masters,School of Graduate Studies,0,0
Anthony Leon,M,297860739,1999-02-18,Masters,Graduate School of Education,0,1
Stephanie Hill,F,850115436,1993-11-09,Masters,School of Graduate Studies,1,0
Bryan Thomas,M,107549011,1998-05-20,Doctorate,School of Graduate Studies,0,0
Amy Morgan,F,555700924,1997-08-20,Masters,School of Graduate Studies,0,1
William Thompson,M,203670641,1998-03-25,Masters,Graduate School of Education,0,0
Austin Morrow,M,701064507,1999-07-07,Masters,School of Graduate Studies,0,0
Patricia Clark,F,784475823,1999-12-10,Masters,School of Graduate Studies,0,0
William Rodriguez,M,150674611,1995-12-26,Masters,School of Graduate Studies,0,1
Michael Lewis,M,360974261,1999-06-23,Doctorate,School of Graduate Studies,0,0
Lindsey Ryan,F,574753715,1993-12-21,Doctorate,School of Graduate Studies,0,1
Emily Savage,F,602650637,1997-01-03,Doctorate,School of Graduate Studies,0,0
Hunter Reyes,M,301642384,1995-03-05,Postdoctoral studies,School of Graduate Studies,0,1
Trevor Shaffer,M,181028830,1995-07-13,Doctorate,Graduate School of Education,0,1
Monique Morris,F,613412016,2000-09-15,Doctorate,School of Graduate Studies,0,1
Tara Jones,F,921901322,1998-12-17,Postdoctoral studies,School of Graduate Studies,0,0
Amanda Richard,F,712469170,1997-11-30,Doctorate,School of Graduate Studies,0,1
Daniel Rogers,M,547721365,1999-12-16,Postdoctoral studies,School of Graduate Studies,0,0
Justin Rowe,M,540957745,1998-12-05,Masters,School of Graduate Studies,0,0
Taylor Ramos,F,343597399,1998-03-11,Masters,School of Graduate Studies,0,0
Erin Small,F,919679131,1993-11-18,Doctorate,Graduate School of Education,0,0
Virginia Monroe,F,178672203,1994-07-22,Doctorate,School of Graduate Studies,0,0
Carla Hill,F,732087780,1998-11-27,Masters,School of Graduate Studies,0,1
Heidi Johnson,F,189788470,1999-03-21,Masters,School of Graduate Studies,0,1
Mike Fitzpatrick,M,326764880,1999-08-26,Doctorate,School of Graduate Studies,0,0
Brian White,M,544491571,1996-12-02,Doctorate,Graduate School of Education,0,0
Kayla Jones,F,530866811,1999-12-18,Doctorate,School of Graduate Studies,0,0
Amber Bond,F,886994864,1999-07-22,Masters,School of Graduate Studies,0,0
Amber Benjamin,F,607344376,2000-07-12,Doctorate,School of Graduate Studies,0,0
Lawrence Greene,M,307539438,1998-03-12,Masters,School of Graduate Studies,0,0
Steven Allen,M,445844163,1994-06-10,Masters,School of Graduate Studies,0,0
Mary Hill,F,355380969,2000-07-03,Postdoctoral studies,School of Graduate Studies,0,0
Kelli Thompson,F,139392252,1996-09-24,Masters,School of Graduate Studies,0,0
Wayne Russell,M,904337873,1999-02-08,Postdoctoral studies,School of Graduate Studies,0,0
William Gregory,M,193397113,1994-08-27,Doctorate,School of Graduate Studies,0,0
Nathaniel Davis,M,957013476,1996-12-12,Doctorate,School of Graduate Studies,0,0
Monica Simmons,F,866970757,1999-08-31,Doctorate,School of Graduate Studies,1,0
Justin Henderson,M,657763678,1997-06-21,Doctorate,School of Graduate Studies,0,1
Nicole Kline,F,784428410,1999-03-07,Doctorate,School of Graduate Studies,0,0
Christopher Good,M,171035224,2000-04-08,Doctorate,School of Graduate Studies,1,0
Keith Zimmerman,M,900105756,2000-03-09,Masters,School of Graduate Studies,0,0
Brittany Harris,F,568531498,1995-12-12,Doctorate,School of Graduate Studies,0,0
Danny Mcmahon,M,986083320,1995-11-10,Doctorate,School of Graduate Studies,1,0
Christian Crawford,M,433639230,1999-04-30,Masters,School of Graduate Studies,0,0
Alisha Howard,F,458643691,1997-08-26,Masters,School of Graduate Studies,0,0
Kelly Stephens,M,393746887,1995-12-13,Doctorate,School of Graduate Studies,0,0
Erik Johnston,M,268694005,1994-10-21,Doctorate,School of Graduate Studies,0,1
Emily Taylor,F,422223456,2000-05-23,Doctorate,School of Graduate Studies,0,0
Amanda Gordon,F,374791504,1995-03-24,Masters,Graduate School of Education,0,0
Jamie Hernandez MD,M,479685168,1996-05-31,Doctorate,Graduate School of Applied and Professional Psychology,0,0
Eric Davenport,M,155800725,1999-07-17,Doctorate,School of Graduate Studies,0,1
Paul Crawford,M,710579677,1999-09-22,Masters,School of Graduate Studies,0,0
John Lowe,M,562751055,1997-08-20,Masters,School of Graduate Studies,1,1
Cynthia Garcia,F,468468108,2000-09-07,Masters,Graduate School of Applied and Professional Psychology,0,0
James Weber,M,140246305,1997-11-10,Masters,School of Graduate Studies,0,0
Julie Jackson,F,124319673,1998-10-13,Masters,Graduate School of Education,0,0
Kevin Francis,M,576203055,1996-04-04,Masters,School of Graduate Studies,0,0
Dean Holland,M,663998692,1996-05-12,Masters,School of Graduate Studies,0,0
Julie Salazar,F,382526996,1996-10-01,Doctorate,School of Graduate Studies,0,0
James Gibson,M,606143138,1996-05-14,Doctorate,School of Graduate Studies,1,0
Kenneth Olson,M,165208951,1995-07-11,Doctorate,Graduate School of Applied and Professional Psychology,0,1
John White,M,172026628,1997-01-15,Masters,School of Graduate Studies,0,0
Jessica Rice,F,394127515,1999-04-15,Doctorate,School of Graduate Studies,0,0
Michelle Hayes,F,693150695,1998-03-05,Doctorate,School of Graduate Studies,0,0
Holly King,F,355448296,1996-05-26,Doctorate,School of Graduate Studies,0,0
Brandon Bell,M,923836815,1996-04-30,Masters,School of Graduate Studies,0,0
Lisa Moore,F,675458781,1996-05-31,Masters,Graduate School of Applied and Professional Psychology,0,0
Michael Mcgee,M,814617299,1996-05-09,Masters,School of Graduate Studies,0,0
Tyler Haney,M,812793664,1996-06-03,Masters,School of Graduate Studies,0,0
Cynthia Robinson,F,929205572,1994-05-03,Doctorate,School of Graduate Studies,0,1
Andrew Hansen,M,860796775,1994-01-26,Doctorate,School of Graduate Studies,0,0
Robert Reid,M,108640114,1997-08-06,Masters,Graduate School of Applied and Professional Psychology,0,1
Randall Maxwell,M,629501028,1997-11-18,Masters,School of Graduate Studies,0,0
Jenna Jimenez,F,885155301,1994-12-01,Doctorate,School of Graduate Studies,0,0
Denise Adams,F,591425264,2000-03-09,Doctorate,School of Graduate Studies,0,0
Brandon Carter,M,338439300,1998-06-25,Masters,School of Graduate Studies,0,1
Samuel Andrews,M,811141628,1995-04-07,Masters,Graduate School of Applied and Professional Psychology,0,1
Scott Decker,M,436811275,1997-11-25,Doctorate,School of Graduate Studies,0,0
Miss Destiny Alexander,F,526456495,1999-04-28,Doctorate,School of Graduate Studies,0,0
Matthew Hunter,M,989516453,1994-11-22,Masters,School of Graduate Studies,0,0
Virginia Haney,F,950737407,2000-08-31,Masters,Graduate School of Education,0,0
David Wood,M,846326213,1999-06-19,Masters,Graduate School of Education,1,0
Christian Baker,M,189221116,1999-04-19,Doctorate,Graduate School of Applied and Professional Psychology,0,0
Gina Vargas,F,802882193,1995-06-10,Doctorate,Graduate School of Education,0,0
Megan Richard,F,371008991,1998-09-04,Doctorate,School of Graduate Studies,0,0
Christopher Jackson,M,690995044,2000-02-22,Postdoctoral studies,Graduate School of Education,0,0
Bobby Meyer,M,176604679,1994-06-22,Doctorate,School of Graduate Studies,0,0
Kristina Brown,F,360388019,1996-10-08,Masters,Graduate School of Education,0,0
Richard Conrad,M,331413910,1999-05-13,Masters,School of Graduate Studies,0,0
Timothy Strickland,M,141524495,1994-04-27,Masters,School of Graduate Studies,0,1
Keith Mora,M,796482662,1997-03-18,Masters,School of Graduate Studies,0,0
Jorge Ramirez,M,332460327,2000-06-07,Doctorate,School of Graduate Studies,0,0
Stephen Garcia,M,332577832,1997-01-23,Masters,School of Graduate Studies,0,0
Brian Schneider,M,250402460,1994-03-24,Masters,School of Graduate Studies,0,0
Darlene Sanders,F,815281176,1998-03-08,Postdoctoral studies,School of Graduate Studies,0,1
Dean Murray,M,520647009,1996-01-14,Masters,Graduate School of Applied and Professional Psychology,0,1
Jamie Diaz,F,305872777,2000-07-25,Masters,School of Graduate Studies,0,0
Michael Castro,M,906450631,1996-06-18,Postdoctoral studies,School of Graduate Studies,0,0
Kathleen Gallegos,F,164295001,1994-01-24,Doctorate,Graduate School of Applied and Professional Psychology,0,1
Michele Nguyen,F,350138299,1999-11-04,Masters,School of Graduate Studies,0,1
Kyle Miller,M,894825409,1996-02-11,Masters,School of Graduate Studies,0,0
Sarah Kidd,F,472108288,1994-04-15,Masters,School of Graduate Studies,0,0
Rebecca Roth,F,172581980,1997-05-04,Postdoctoral studies,School of Graduate Studies,0,1
Kendra Barron,F,870390283,1999-06-03,Masters,School of Graduate Studies,0,0
Angela Morton,F,962777287,1999-07-24,Doctorate,School of Graduate Studies,0,0
Angel Brown,F,672336148,1995-09-20,Doctorate,School of Graduate Studies,0,0
Leah Macias,F,288381519,1998-09-18,Masters,School of Graduate Studies,0,1
Abigail Tanner,F,970389391,1998-12-19,Masters,Graduate School of Education,0,0
Shelly Hart,F,328022689,2000-02-22,Masters,Graduate School of Education,0,0
Julie Taylor,F,593871824,1996-06-21,Masters,School of Graduate Studies,0,0
Glenn Vasquez,M,550731661,2000-03-09,Doctorate,School of Graduate Studies,0,0
Shawn Wells,M,756508369,1996-06-04,Masters,School of Graduate Studies,0,0
Lori Brooks,F,517787540,1999-03-24,Masters,Graduate School of Applied and Professional Psychology,0,0
Scott Cummings,M,856332388,1996-05-17,Doctorate,Graduate School of Education,0,0
Hannah Martinez,F,291285625,1998-05-03,Masters,Graduate School of Education,0,1
Daniel Roman,M,683375898,1993-10-31,Masters,School of Graduate Studies,1,0
Tammy Sherman,F,324901615,1999-01-29,Masters,School of Graduate Studies,0,0
Elaine Petersen,F,254230453,1999-09-06,Doctorate,School of Graduate Studies,0,0
Aaron Small,M,326889181,1998-03-02,Masters,Graduate School of Applied and Professional Psychology,0,0
Nicholas Riggs,M,404895175,1998-05-20,Doctorate,School of Graduate Studies,0,0
Michelle Harrington,F,949510400,1997-08-11,Masters,School of Graduate Studies,0,0
Cory Lamb,M,892150979,2000-02-15,Postdoctoral studies,School of Graduate Studies,0,0
Arthur Martinez,M,567318144,1999-07-30,Doctorate,School of Graduate Studies,0,0
Robert James,M,267624975,1993-11-29,Doctorate,School of Graduate Studies,0,0
Edward Garcia,M,251744927,1997-01-16,Doctorate,School of Graduate Studies,0,0
Richard Smith,M,789994995,1994-11-12,Masters,School of Graduate Studies,0,0
Daniel Stark,M,557542231,1996-04-05,Masters,School of Graduate Studies,0,0
Angela Lowe,F,413720354,1993-11-09,Masters,School of Graduate Studies,0,0
Ann Scott,F,711118054,1993-11-07,Masters,Graduate School of Education,0,0
Kathleen Curtis DDS,F,811655687,2000-05-08,Doctorate,School of Graduate Studies,0,1
Jason Watson,M,796503960,1997-11-16,Masters,School of Graduate Studies,0,1
Jason Glover,M,537456181,1994-02-10,Masters,School of Graduate Studies,0,0
Dawn Perez,F,140530170,1995-01-20,Masters,School of Graduate Studies,0,0
David Everett,M,247641522,1994-04-25,Doctorate,Graduate School of Education,0,0
Catherine Smith,F,868509266,1996-08-25,Doctorate,School of Graduate Studies,0,0
Adam Morales,M,138611053,1995-06-21,Postdoctoral studies,School of Graduate Studies,0,0
Sharon Phillips,F,896996065,1997-06-05,Doctorate,Graduate School of Applied and Professional Psychology,0,0
Gerald Mcclure,M,225435370,1997-08-29,Masters,School of Graduate Studies,0,1
Emily Lindsey,F,517074469,1995-03-17,Doctorate,School of Graduate Studies,0,1
Alicia Garrett,F,676554476,1995-08-04,Masters,School of Graduate Studies,0,1
Laura Pugh,F,457771334,1995-06-28,Masters,School of Graduate Studies,0,0
Ryan Smith,M,128285586,1997-02-14,Masters,Graduate School of Applied and Professional Psychology,0,1
Denise Brown,F,897284842,1999-07-06,Doctorate,School of Graduate Studies,0,0
Hannah Flowers,F,356307065,1994-07-13,Postdoctoral studies,School of Graduate Studies,0,1
Tina Dyer,F,612476931,1994-10-10,Masters,School of Graduate Studies,0,1
Kerri Neal,F,422295926,1995-06-21,Doctorate,School of Graduate Studies,0,0
Gabriel Campbell,M,197372610,1997-06-27,Masters,Graduate School of Education,0,1
Todd Gardner,M,896780254,2000-06-16,Masters,School of Graduate Studies,0,1
Jack Wilson,M,402057528,1996-09-19,Doctorate,School of Graduate Studies,0,0
Rhonda Robertson,F,628211987,1997-09-19,Masters,School of Graduate Studies,0,0
Jonathan Hammond,M,992731649,1995-03-24,Masters,School of Graduate Studies,1,0
Brandi Jackson,F,247605865,1999-03-27,Doctorate,School of Graduate Studies,0,0
Gerald Banks,M,294286786,1996-09-01,Doctorate,School of Graduate Studies,0,1
David Salazar,M,111201256,1999-06-10,Masters,School of Graduate Studies,0,0
John Porter,M,282552177,2000-09-22,Doctorate,School of Graduate Studies,0,0
David Clark,M,625612670,1996-12-13,Masters,Graduate School of Education,0,0
Ashley Smith,F,114304197,1996-02-10,Masters,School of Graduate Studies,0,0
Michelle Craig,F,510864125,1998-11-15,Doctorate,School of Graduate Studies,0,1
Heather Morales,F,874851111,1997-05-05,Doctorate,School of Graduate Studies,1,0
Derek Smith,M,993293164,1995-12-02,Postdoctoral studies,Graduate School of Education,0,0
Sandra Thomas,F,353654442,1999-02-27,Masters,School of Graduate Studies,0,0
Elizabeth Mccall,F,952840338,1999-06-18,Postdoctoral studies,School of Graduate Studies,0,0
Christopher Jones,M,596504211,1997-05-15,Doctorate,School of Graduate Studies,0,1
Brian Meyer,M,338601178,1995-08-08,Postdoctoral studies,School of Graduate Studies,0,0
Bryce Holmes,M,183889222,1994-09-19,Masters,School of Graduate Studies,0,0
Daniel Nolan,M,265691088,1995-06-15,Masters,School of Graduate Studies,0,0
Michael Hernandez,M,636107113,1998-07-24,Doctorate,School of Graduate Studies,0,0
Ashley Chavez,F,665079136,1996-07-02,Doctorate,School of Graduate Studies,1,0
Crystal Briggs,F,325044032,1996-05-03,Doctorate,Graduate School of Education,0,1
Benjamin Keller,M,686812630,2000-09-25,Masters,School of Graduate Studies,0,0
Roger Smith,M,931219913,1997-05-23,Masters,School of Graduate Studies,0,0
Kathleen Colon,F,766360758,1994-08-31,Doctorate,Graduate School of Education,0,1
Douglas Wheeler,M,989483931,1999-11-03,Masters,School of Graduate Studies,0,0
Lisa Smith,F,312025929,1996-05-17,Doctorate,School of Graduate Studies,0,1
Monica Roberts,F,566645940,1998-02-08,Masters,School of Graduate Studies,0,0
Elizabeth Friedman,F,253088123,1998-03-09,Doctorate,School of Graduate Studies,0,0
Ryan Wallace,M,837845452,1997-10-01,Postdoctoral studies,School of Graduate Studies,0,0
Joshua Barrett,M,490291454,1999-04-18,Masters,Graduate School of Applied and Professional Psychology,0,0
Sarah Bowers,F,647656331,1998-11-24,Doctorate,School of Graduate Studies,0,0
Todd Greene,M,365396690,2000-05-05,Masters,School of Graduate Studies,0,1
Dana Reyes,F,808678773,1996-08-06,Masters,School of Graduate Studies,0,0
Alexis Shaw,F,278184838,1995-01-17,Masters,Graduate School of Education,0,0
Eric Faulkner,M,565441684,1994-11-26,Doctorate,School of Graduate Studies,0,0
Richard Obrien,M,805456345,1997-01-28,Doctorate,Graduate School of Applied and Professional Psychology,0,1
Carl Webb,M,522692139,1995-10-09,Doctorate,School of Graduate Studies,0,1
Ryan Porter,M,406650438,1994-08-08,Masters,School of Graduate Studies,0,0
Donna Neal,F,732982183,1997-08-27,Doctorate,School of Graduate Studies,0,0
Donna Mason,F,903932424,1996-08-14,Doctorate,Graduate School of Education,0,0
Angela Salazar,F,697378590,1995-08-08,Masters,School of Graduate Studies,0,0
Tyler Green,M,873903475,2000-06-12,Doctorate,School of Graduate Studies,0,0
Joseph Marshall,M,102994825,2000-05-18,Doctorate,School of Graduate Studies,0,0
Steven Peterson,M,479057245,1996-07-25,Masters,School of Graduate Studies,0,0
Douglas Robinson,M,519400092,1996-05-12,Doctorate,Graduate School of Applied and Professional Psychology,1,0
Barry Nelson,M,494266332,1999-01-06,Doctorate,School of Graduate Studies,0,0
Kyle Anderson,M,882439128,1995-02-10,Postdoctoral studies,School of Graduate Studies,0,0
Robert Kim,M,578152620,1998-10-12,Doctorate,Graduate School of Applied and Professional Psychology,0,0
Trevor Clark,M,935511129,1994-07-11,Masters,Graduate School of Education,0,0
Brittany Hill DDS,F,697482415,1998-09-30,Postdoctoral studies,Graduate School of Applied and Professional Psychology,0,1
Bruce Black,M,261517324,1995-03-13,Postdoctoral studies,Graduate School of Education,0,1
Ryan Hansen,M,503758743,1999-01-24,Masters,Graduate School of Applied and Professional Psychology,1,0
Samantha Chen,F,243183189,1996-02-18,Masters,School of Graduate Studies,0,1
Gary Baldwin,M,744419356,1997-04-02,Masters,Graduate School of Education,0,0
Edward Charles,M,349312163,1997-03-23,Doctorate,School of Graduate Studies,0,1
Matthew Hughes,M,351541736,1995-01-17,Masters,School of Graduate Studies,0,0
Brittney Smith,F,783475360,1998-02-28,Masters,Graduate School of Applied and Professional Psychology,0,0
Kimberly Bowman,F,522504182,1995-06-17,Postdoctoral studies,School of Graduate Studies,0,0
Jerry Nichols,M,627614620,1998-09-21,Doctorate,Graduate School of Applied and Professional Psychology,0,0
Alexandria Santiago,F,468644044,1998-04-27,Masters,Graduate School of Applied and Professional Psychology,0,0
Stephen Watson,M,986301643,1998-10-11,Masters,School of Graduate Studies,0,1
David Melton,M,829029580,1998-07-01,Masters,School of Graduate Studies,0,0
Debbie Cooper,F,774897957,2000-05-22,Masters,School of Graduate Studies,0,0
Kevin Johnson,M,626702785,1993-09-30,Doctorate,School of Graduate Studies,0,1
Susan Mccormick,F,928516239,1994-09-13,Postdoctoral studies,Graduate School of Applied and Professional Psychology,0,0
Matthew Bass,M,397753537,1998-12-27,Masters,School of Graduate Studies,0,0
Julie Flowers,F,409848493,1997-09-16,Doctorate,School of Graduate Studies,0,0
Alicia Snyder,F,718244117,1995-04-20,Masters,Graduate School of Education,0,0
Alex Greer,M,190185961,1995-11-08,Doctorate,School of Graduate Studies,0,1
Brett Hernandez,M,424864229,1993-11-17,Doctorate,School of Graduate Studies,0,0
Diane Ward,F,702794134,1999-11-03,Doctorate,Graduate School of Education,0,0
Deborah Parker,F,931965161,1995-11-29,Masters,Graduate School of Education,0,1
Melanie Lopez,F,426121196,1998-03-22,Doctorate,School of Graduate Studies,0,0
Kristen Pope,F,253067457,1997-03-20,Masters,School of Graduate Studies,0,0
Mr. Anthony Long,M,109481430,1995-09-06,Masters,School of Graduate Studies,0,0
Mark Guerra,M,670612732,1998-11-23,Masters,Graduate School of Applied and Professional Psychology,0,0
Shannon Duke,F,560112676,1995-01-09,Masters,Graduate School of Education,0,0
Robert Diaz,M,146448815,1997-02-27,Masters,School of Graduate Studies,0,1
Daniel Lucero,M,386748735,1999-06-28,Doctorate,Graduate School of Education,0,0
Joseph Mccoy,M,489606481,1999-07-30,Masters,Graduate School of Applied and Professional Psychology,0,1
Richard Potter,M,892744516,1998-02-14,Masters,School of Graduate Studies,0,0
Jonathan Hardy,M,333575739,1997-03-21,Masters,School of Graduate Studies,0,1
Beverly Herrera,F,588667119,1996-02-15,Masters,School of Graduate Studies,0,0
Cheryl Padilla,F,852821881,1995-03-26,Masters,Graduate School of Education,0,1
Alexander Pugh,M,592870719,1997-11-25,Masters,Graduate School of Education,0,0
Chelsea Edwards,F,294015405,1999-11-02,Doctorate,School of Graduate Studies,0,0
Louis Strickland,M,557782623,1996-04-24,Postdoctoral studies,School of Graduate Studies,0,1
Carolyn Berry,F,144661183,1998-12-30,Masters,Graduate School of Applied and Professional Psychology,0,0
Crystal Castillo,F,296776783,1999-02-21,Doctorate,School of Graduate Studies,0,1
Mary Sanford,F,669888883,1994-09-12,Masters,School of Graduate Studies,0,1
Larry Hanson,M,541036162,1996-04-21,Postdoctoral studies,School of Graduate Studies,0,0
Ryan Haynes,M,426026619,2000-06-25,Masters,School of Graduate Studies,0,0
Theresa Ryan,F,400032436,1998-05-29,Postdoctoral studies,School of Graduate Studies,0,0
Matthew Anderson,M,745805171,1998-04-24,Masters,School of Graduate Studies,1,1
Tracie Anderson,F,941370880,1996-04-27,Doctorate,Graduate School of Education,0,0
Kelly James,F,151170317,2000-02-11,Masters,School of Graduate Studies,0,1
Paula Lloyd,F,112536341,1998-07-09,Masters,Graduate School of Education,0,0
Megan Jones,F,856739938,1995-07-12,Doctorate,School of Graduate Studies,0,0
Daniel Fitzgerald,M,548972548,1996-08-08,Doctorate,Graduate School of Applied and Professional Psychology,0,0
Mark Smith,M,265384081,1993-10-16,Masters,School of Graduate Studies,0,0
Charles Fitzgerald,M,809623655,1998-11-16,Masters,School of Graduate Studies,0,0
James Compton,M,987007983,2000-04-01,Masters,School of Graduate Studies,0,0
Jennifer Reed,F,474510815,2000-07-09,Doctorate,School of Graduate Studies,0,0
Frank Campbell,M,637298574,1994-01-18,Masters,School of Graduate Studies,0,1
Anthony Odonnell,M,796122126,1996-03-25,Masters,School of Graduate Studies,0,0
Sara Ballard,F,796621954,1997-03-16,Masters,School of Graduate Studies,0,0
Nicole Shaw,F,876674098,1994-01-16,Masters,School of Graduate Studies,1,0
Richard Jarvis,M,292314481,1995-09-07,Masters,Graduate School of Applied and Professional Psychology,0,1
Frederick Clark,M,669618070,1998-05-14,Doctorate,School of Graduate Studies,0,0
Ryan Young,M,171809476,1997-08-06,Masters,School of Graduate Studies,0,0
Karen Schmidt,F,577421824,1994-08-24,Doctorate,School of Graduate Studies,0,1
Shawn Nicholson,M,471735806,1999-12-12,Doctorate,School of Graduate Studies,0,0
Becky Wiley,F,649707378,1994-05-02,Doctorate,School of Graduate Studies,0,0
Stephanie Kennedy,F,147684780,1997-02-28,Doctorate,School of Graduate Studies,0,0
Joseph Reed,M,895035057,1998-09-17,Doctorate,School of Graduate Studies,0,1
Nicholas Scott,M,612929523,1999-06-09,Doctorate,School of Graduate Studies,0,1
Stephanie Jefferson DVM,F,950189107,1994-08-11,Masters,School of Graduate Studies,0,1
Amy Williams,F,939462423,1997-03-29,Postdoctoral studies,Graduate School of Applied and Professional Psychology,0,0
Mary Kelley,F,835081503,1995-01-01,Masters,School of Graduate Studies,0,0
Ronald Blankenship,M,165818099,1997-04-05,Postdoctoral studies,Graduate School of Education,0,0
Evelyn Gould,F,929239605,1995-03-27,Masters,School of Graduate Studies,0,0
Jennifer Soto,F,736233529,1999-05-07,Doctorate,School of Graduate Studies,1,0
Ryan Scott,M,213102545,1995-04-23,Postdoctoral studies,School of Graduate Studies,0,1
Jamie Rogers,F,432609848,1998-01-02,Doctorate,School of Graduate Studies,0,0
Hector Matthews,M,184764992,2000-08-26,Masters,School of Graduate Studies,0,0
Robert Patterson,M,184318517,1994-05-24,Masters,Graduate School of Applied and Professional Psychology,0,0
Rebecca Simon,F,210364635,1997-12-30,Masters,School of Graduate Studies,0,0
Wendy Bass,F,123118353,2000-02-10,Doctorate,Graduate School of Education,0,1
Carol Bryant,F,268495853,1999-01-25,Doctorate,Graduate School of Education,0,0
Cristina Thomas,F,791192394,1997-05-09,Doctorate,School of Graduate Studies,0,1
Cynthia Phelps,F,918563008,1999-06-09,Postdoctoral studies,Graduate School of Education,0,0
Paul Williams,M,726735209,1994-02-03,Doctorate,Graduate School of Education,0,0
Austin Roberts,M,519255790,2000-06-21,Doctorate,Graduate School of Applied and Professional Psychology,0,1
Gary Bauer,M,125281709,1994-10-31,Doctorate,School of Graduate Studies,1,0
Erik Mccoy,M,642576013,1996-10-07,Doctorate,School of Graduate Studies,0,1
Peter Huang,M,650380014,1995-08-24,Masters,Graduate School of Education,0,1
Lindsay Phillips,F,569699166,1995-06-12,Masters,School of Graduate Studies,0,0
Paul Reyes,M,633234671,1998-10-23,Masters,School of Graduate Studies,0,0
Tammy Hughes,F,633586650,1995-11-17,Masters,School of Graduate Studies,0,1
Jesse Cook,M,163127476,1999-09-16,Masters,School of Graduate Studies,0,1
Diana Buchanan,F,913270748,1996-09-05,Doctorate,School of Graduate Studies,0,1
Barbara Dawson,F,202084391,1994-10-16,Doctorate,Graduate School of Education,1,0
Terry Johnson,M,593090004,1999-11-06,Masters,School of Graduate Studies,0,0
Wesley Garrett,M,379443562,1994-09-24,Postdoctoral studies,Graduate School of Education,0,0
Michelle Bowman,F,729134100,2000-09-12,Doctorate,Graduate School of Applied and Professional Psychology,0,1
Brian Ruiz,M,929058666,1995-06-29,Postdoctoral studies,Graduate School of Education,0,0
Anne Paul,F,266168351,1997-07-11,Masters,Graduate School of Applied and Professional Psychology,0,0
Vincent Bennett,M,153432457,1997-07-20,Doctorate,Graduate School of Education,0,0
Teresa Crawford,F,335024123,1994-09-21,Masters,School of Graduate Studies,0,0
Dr. Kayla Harris,F,977251658,1998-02-10,Masters,School of Graduate Studies,1,1
Lauren Sweeney,F,420088267,1996-06-27,Doctorate,School of Graduate Studies,0,1
Danielle Jackson,F,326281601,1993-10-23,Masters,School of Graduate Studies,0,0
Jaime Vega,F,244563888,1995-12-17,Masters,Graduate School of Applied and Professional Psychology,0,0
Samantha Walker,F,365785842,1999-06-14,Doctorate,School of Graduate Studies,0,1
Mrs. Christine Cowan,F,448069718,1995-02-14,Doctorate,School of Graduate Studies,0,0
Christina Hansen,F,647489176,1998-09-02,Postdoctoral studies,Graduate School of Education,1,0
Amanda Moore,F,992910248,1996-01-14,Doctorate,School of Graduate Studies,0,0
Thomas Nguyen,M,332076094,1998-02-19,Doctorate,School of Graduate Studies,0,0
Larry Abbott,M,552865771,1997-03-28,Doctorate,School of Graduate Studies,0,0
Lisa Farley,F,782675772,1998-09-09,Masters,Graduate School of Education,0,1
Sarah Doyle,F,928869012,1995-06-17,Masters,School of Graduate Studies,0,1
Jorge Tucker,M,592880710,2000-03-14,Postdoctoral studies,Graduate School of Education,0,0
Melanie Grant,F,532186207,1995-10-04,Masters,School of Graduate Studies,0,1
Jacqueline Garrison,F,687052605,1994-05-28,Masters,School of Graduate Studies,0,0
Nicole Price,F,368726920,1997-01-08,Doctorate,Graduate School of Education,0,1
Joseph Schroeder,M,408934515,2000-07-03,Doctorate,School of Graduate Studies,0,0
Karen Flores,F,963147507,1999-01-15,Masters,School of Graduate Studies,0,0
David Thompson,M,825319671,1994-05-26,Doctorate,School of Graduate Studies,0,0
Jesse Lopez,M,602350677,1996-06-08,Masters,Graduate School of Education,0,0
Francisco Martin,M,401332007,1995-10-15,Masters,School of Graduate Studies,0,0
Brian Hodges,M,129681291,1994-08-24,Doctorate,School of Graduate Studies,0,0
Mark Gilbert,M,296862859,1996-07-01,Postdoctoral studies,School of Graduate Studies,0,0
Christy Wilson,F,349597294,1997-11-18,Doctorate,School of Graduate Studies,1,0
Mark Frazier,M,312415588,1995-10-31,Masters,School of Graduate Studies,0,0
Mr. Joshua Booth II,M,901768088,1996-01-20,Masters,School of Graduate Studies,0,0
Jonathan Macias,M,558892882,1998-04-28,Doctorate,School of Graduate Studies,0,1
Brittney Shepard,F,342322637,1997-02-13,Doctorate,Graduate School of Education,0,0
Katie Jennings,F,960404900,1998-11-02,Masters,Graduate School of Education,0,0
Kevin Beard,M,815980733,1996-08-29,Masters,School of Graduate Studies,0,1
George Gonzalez,M,980634416,1994-04-12,Postdoctoral studies,School of Graduate Studies,0,0
Tanya Gilbert,F,304411998,1996-01-31,Masters,School of Graduate Studies,0,0
Steve Randolph,M,855757939,1995-12-06,Doctorate,School of Graduate Studies,0,1
Savannah Blake,F,199395630,1993-12-30,Masters,School of Graduate Studies,0,1
Tracey Wallace,F,314654388,1996-08-03,Masters,School of Graduate Studies,0,0
Daniel Richards,M,868637774,1996-06-11,Doctorate,School of Graduate Studies,0,1
Gloria Kent MD,F,188593431,1995-10-11,Doctorate,Graduate School of Applied and Professional Psychology,0,0
Ronald West,M,482172439,1997-10-11,Postdoctoral studies,School of Graduate Studies,0,0
Karen Stewart,F,317216523,1996-08-28,Masters,Graduate School of Applied and Professional Psychology,0,1
Matthew Waters,M,669443687,1996-07-16,Doctorate,School of Graduate Studies,0,0
Andrea Thomas,F,328864249,1997-05-06,Masters,School of Graduate Studies,0,1
Steve Cortez,M,903409464,1999-06-02,Masters,School of Graduate Studies,0,1
Kyle Bush,M,841317947,1999-04-29,Doctorate,School of Graduate Studies,0,0
Jessica Miller,F,746370094,1996-06-05,Doctorate,School of Graduate Studies,0,0
Sean Cole,M,991556050,1995-05-13,Doctorate,School of Graduate Studies,0,0
Keith Williams,M,635829431,1995-10-26,Doctorate,School of Graduate Studies,0,0
Sean Phillips,M,983191147,1997-06-05,Doctorate,School of Graduate Studies,0,0
Caitlin Scott,F,627793889,1999-03-01,Masters,School of Graduate Studies,0,1
Joshua Gutierrez,M,331284739,1996-06-14,Postdoctoral studies,Graduate School of Applied and Professional Psychology,0,0
Michele Marshall,F,215097675,1995-11-07,Postdoctoral studies,School of Graduate Studies,0,0
Stephen Berry,M,487787269,1994-09-15,Masters,School of Graduate Studies,0,0
Michael Berry,M,709282787,1995-12-23,Masters,Graduate School of Education,0,0
Ms. Kimberly Garrett,F,236706010,1997-02-08,Masters,Graduate School of Applied and Professional Psychology,0,1
Chad Diaz,M,356574565,1998-03-10,Masters,School of Graduate Studies,0,0
Stephanie Rivera,F,303158047,1996-01-30,Postdoctoral studies,Graduate School of Applied and Professional Psychology,0,0
Derek Patrick,M,707177230,1998-07-18,Doctorate,Graduate School of Education,0,0
Michael Cooper,M,520114216,1998-09-19,Doctorate,School of Graduate Studies,0,1
Natasha Walker,F,466301255,1998-04-02,Doctorate,School of Graduate Studies,0,1
Emma Hooper,F,321144309,1999-03-14,Postdoctoral studies,School of Graduate Studies,0,0
Adam Caldwell,M,181595170,1994-02-11,Doctorate,School of Graduate Studies,0,1
Veronica Carpenter,F,725755844,1995-02-22,Masters,School of Graduate Studies,0,0
Tyler Russell,M,522384707,1994-06-04,Masters,School of Graduate Studies,0,1
Laura Ramos,F,656982376,1996-11-01,Masters,School of Graduate Studies,0,1
Denise Weber,F,828083315,2000-03-12,Masters,School of Graduate Studies,0,0
Ronald Lopez,M,664970237,1997-06-30,Masters,School of Graduate Studies,0,0
Elizabeth Miles,F,949632708,1995-10-06,Doctorate,Graduate School of Education,0,1
Sean Clay,M,934932655,1996-04-19,Doctorate,School of Graduate Studies,0,0
Joshua Duran,M,555205853,1996-04-10,Masters,School of Graduate Studies,0,0
Matthew Moore,M,607151460,1994-03-14,Doctorate,School of Graduate Studies,0,1
Robert Perkins,M,833037544,1997-06-18,Doctorate,School of Graduate Studies,0,1
Lauren Goodman,F,327668009,1996-08-06,Masters,Graduate School of Education,0,0
Joshua Bowman,M,272630929,1998-10-02,Doctorate,School of Graduate Studies,0,0
Jamie Schaefer,M,777611088,1998-04-02,Doctorate,School of Graduate Studies,0,0
Tara Young,F,996544233,1994-11-29,Postdoctoral studies,School of Graduate Studies,0,1
Michael Dougherty,M,530776706,1994-11-30,Doctorate,School of Graduate Studies,0,0
Jason Estrada,M,407111975,1995-10-28,Doctorate,School of Graduate Studies,0,0
William Wood,M,708288210,1998-05-28,Doctorate,School of Graduate Studies,0,0
Amy Davis,F,140346801,1993-10-06,Doctorate,School of Graduate Studies,0,0
Christopher Kennedy,M,783915962,1998-06-02,Masters,School of Graduate Studies,0,0
Zachary Jones,M,388353647,1997-04-25,Postdoctoral studies,School of Graduate Studies,0,0
Ethan Taylor,M,994739735,1994-03-09,Doctorate,School of Graduate Studies,0,0
Bradley Parks,M,580514193,1995-01-22,Masters,School of Graduate Studies,0,1
Roger Riley,M,226105290,1998-01-06,Doctorate,Graduate School of Education,0,0
Tonya Johnson,F,134993469,1995-07-11,Doctorate,School of Graduate Studies,0,1
Michele Olson,F,228562077,1994-09-28,Doctorate,School of Graduate Studies,0,1
Raymond Beard,M,700183299,1996-04-30,Masters,School of Graduate Studies,0,1
Christopher Hartman,M,542198653,1993-10-31,Doctorate,Graduate School of Applied and Professional Psychology,0,0
Joseph Shaffer,M,430822940,1994-12-15,Masters,Graduate School of Education,0,0
Lawrence Oconnor,M,247925663,1996-01-10,Masters,School of Graduate Studies,0,0
Megan Malone,F,446347396,2000-06-04,Masters,School of Graduate Studies,0,1
Allen Brewer,M,726278401,1996-12-20,Doctorate,School of Graduate Studies,0,0
Yvonne Beard,F,670077337,1999-07-20,Doctorate,School of Graduate Studies,1,0
Lori Wright,F,731892820,2000-02-07,Doctorate,School of Graduate Studies,0,0
Nancy Martin,F,469750330,1993-11-21,Masters,School of Graduate Studies,0,1
Mark Wright,M,428184715,1996-10-04,Postdoctoral studies,School of Graduate Studies,0,0
Derek Lynn,M,823813256,1994-05-03,Masters,School of Graduate Studies,0,0
James Trujillo,M,705692392,1994-12-23,Masters,School of Graduate Studies,0,1
Alison Shah,F,710059234,1996-02-08,Postdoctoral studies,School of Graduate Studies,0,1
Noah Hill,M,779236375,1999-01-06,Doctorate,Graduate School of Education,0,1
Steven Hardin,M,833751309,1998-01-16,Doctorate,School of Graduate Studies,0,0
Kimberly Cole,F,121366950,2000-02-25,Doctorate,School of Graduate Studies,0,0
Phillip Pearson,M,229528161,1999-01-10,Doctorate,School of Graduate Studies,0,0
Thomas Price,M,369050273,1994-08-14,Masters,School of Graduate Studies,1,0
Jeremy Thompson,M,436557295,1994-08-26,Postdoctoral studies,Graduate School of Applied and Professional Psychology,0,1
Heather Woods,F,709866892,1996-11-12,Postdoctoral studies,Graduate School of Education,0,0
Deanna Rivers,F,440575605,1995-09-07,Masters,School of Graduate Studies,0,0
Ryan Harrison,M,736916002,2000-01-28,Masters,School of Graduate Studies,0,0
William Singh,M,662029321,1997-09-04,Masters,School of Graduate Studies,0,1
Robert Gibson,M,261067320,1996-01-23,Postdoctoral studies,School of Graduate Studies,0,1
David Salazar,M,410556516,1995-05-03,Masters,School of Graduate Studies,0,0
Angela Lewis,F,194335422,1996-07-25,Masters,Graduate School of Education,0,1
Christian Guerrero,M,418113665,1994-08-13,Doctorate,School of Graduate Studies,0,0
John Simmons,M,170436340,1997-05-15,Doctorate,School of Graduate Studies,0,0
Bryan Reeves,M,848880600,1994-05-24,Masters,School of Graduate Studies,0,1
Ann Collins,F,365801203,1997-08-08,Doctorate,School of Graduate Studies,0,0
Kimberly Santana,F,355815984,1997-03-23,Postdoctoral studies,School of Graduate Studies,0,0
Cindy Lynn,F,125972146,1999-03-29,Doctorate,School of Graduate Studies,0,0
Kerry Ruiz,F,989037743,1996-02-20,Masters,Graduate School of Education,0,0
Victor Brewer,M,100951101,1996-07-08,Masters,School of Graduate Studies,0,1
Dwayne Mullen,M,873850664,1994-01-09,Doctorate,Graduate School of Education,0,1
Alexander George,M,339828884,1998-02-15,Doctorate,School of Graduate Studies,0,0
Michael Kirby,M,603486063,1997-01-11,Doctorate,Graduate School of Education,0,1
Dr. Scott Chavez,M,347798016,1998-02-09,Doctorate,School of Graduate Studies,0,1
Jeremy Sexton,M,507870618,1999-07-18,Masters,Graduate School of Applied and Professional Psychology,0,0
Kyle Henderson,M,333773994,1995-12-21,Doctorate,Graduate School of Applied and Professional Psychology,0,0
Juan Dominguez,M,796842203,1996-12-11,Masters,Graduate School of Applied and Professional Psychology,0,1
Thomas Williams,M,819748081,1993-12-14,Masters,School of Graduate Studies,1,1
Amy Brewer,F,999929969,2000-05-27,Doctorate,School of Graduate Studies,0,0
Mark Reed,M,457909682,1997-03-21,Masters,Graduate School of Applied and Professional Psychology,0,1
Elizabeth Jones,F,829264374,1995-09-23,Masters,School of Graduate Studies,0,1
Michelle Jones,F,538376341,1997-06-07,Masters,School of Graduate Studies,0,0
Erika Ramos,F,314094887,1995-03-02,Postdoctoral studies,Graduate School of Education,0,1
Linda Gould,F,826099396,1995-08-22,Masters,School of Graduate Studies,0,1
Stephen Bryan,M,263332604,1996-04-29,Masters,Graduate School of Applied and Professional Psychology,0,1
Jonathan Shannon,M,567425441,1996-06-21,Masters,Graduate School of Applied and Professional Psychology,0,0
Mary Rojas,F,821735457,1999-03-26,Postdoctoral studies,School of Graduate Studies,0,1
David Pratt,M,731745062,1994-03-30,Doctorate,School of Graduate Studies,0,0
Jennifer Bowman,F,579834961,1999-01-06,Masters,Graduate School of Education,0,0
Diana Gray,F,351447948,1996-01-13,Masters,School of Graduate Studies,0,0
Mr. James Johnson,M,443670889,1994-03-13,Masters,School of Graduate Studies,0,1
Michelle Hall,F,809028226,1998-08-13,Postdoctoral studies,School of Graduate Studies,0,0
Jennifer Werner,F,961784951,1997-01-23,Masters,School of Graduate Studies,0,0
Dr. Stephanie Chen,F,494134192,1997-06-30,Masters,School of Graduate Studies,0,0
Carrie Ashley,F,486828101,1997-12-26,Masters,School of Graduate Studies,0,0
Michael Parker,M,581164483,2000-01-24,Doctorate,School of Graduate Studies,0,1
David Barnett,M,202403321,2000-07-28,Postdoctoral studies,School of Graduate Studies,0,0
Dr. Kaitlin Sanchez,F,105686690,1994-08-11,Doctorate,Graduate School of Education,0,0
Jordan Rose,M,260185634,1999-04-11,Masters,School of Graduate Studies,0,0
Scott Graham,M,613376796,1993-12-11,Masters,School of Graduate Studies,0,0
Mary Johnson,F,204593305,1997-07-24,Doctorate,School of Graduate Studies,0,0
Richard Mendoza,M,432534987,1993-11-15,Masters,Graduate School of Education,0,0
Sydney Davis,F,777994290,1996-08-06,Doctorate,School of Graduate Studies,0,0
Douglas Coleman,M,734436488,2000-03-13,Doctorate,School of Graduate Studies,0,0
Sydney Jones,F,906632834,1998-03-12,Doctorate,Graduate School of Applied and Professional Psychology,0,0
Sharon Bass,F,219876558,1999-10-11,Masters,School of Graduate Studies,0,0
Daryl Rodriguez,M,805998628,1995-06-10,Masters,School of Graduate Studies,0,0
Morgan Jones,F,214056932,1997-06-22,Doctorate,Graduate School of Education,0,1
Amanda Cortez,F,717217591,1999-08-19,Doctorate,Graduate School of Education,0,0
Hayley Morris,F,609462166,1994-05-21,Doctorate,School of Graduate Studies,0,0
Penny Cook,F,732871370,1999-05-22,Masters,School of Graduate Studies,0,1
Jennifer Harrison,F,197799103,1995-07-13,Masters,Graduate School of Education,0,0
Jacob Dixon,M,956287213,1995-12-14,Doctorate,School of Graduate Studies,0,0
Nancy Williamson,F,699478632,1999-03-08,Masters,Graduate School of Education,0,0
Matthew Bruce,M,464054787,1995-06-06,Masters,Graduate School of Education,0,0
Michelle Woods,F,629555148,1998-06-02,Masters,School of Graduate Studies,0,0
John Arellano,M,914933097,1999-01-30,Masters,Graduate School of Applied and Professional Psychology,0,1
Steven Garrett,M,494268787,1999-02-04,Masters,Graduate School of Applied and Professional Psychology,0,0
Cassandra Hill,F,398234427,1999-06-26,Postdoctoral studies,School of Graduate Studies,0,0
Dustin Decker,M,801035857,1998-10-24,Doctorate,Graduate School of Education,0,0
Krista Chase,F,137113329,1998-11-13,Postdoctoral studies,Graduate School of Applied and Professional Psychology,0,0
Michelle Vasquez,F,272232646,1997-11-21,Doctorate,School of Graduate Studies,0,0
Tyler White,M,268677097,1998-03-22,Doctorate,School of Graduate Studies,0,1
Sheila Smith,F,796806564,1998-07-14,Masters,School of Graduate Studies,1,1
Shannon Shelton,F,481717217,1995-12-02,Doctorate,School of Graduate Studies,0,0
Daniel Alexander,M,527402922,1997-10-25,Doctorate,School of Graduate Studies,0,0
April Smith,F,147928484,1996-06-30,Postdoctoral studies,Graduate School of Education,0,0
Katie Ingram,F,260572874,1994-05-15,Doctorate,Graduate School of Education,0,1
Kirk Williams,M,262618975,2000-09-04,Doctorate,School of Graduate Studies,1,1
Emma Smith,F,803775353,1997-07-23,Doctorate,School of Graduate Studies,0,1
Dennis Morrison,M,941073552,2000-05-04,Masters,School of Graduate Studies,0,0
Shawn Jarvis,M,166200546,1995-08-27,Doctorate,Graduate School of Education,0,0
Kara Jones,F,787262345,2000-03-15,Doctorate,Graduate School of Education,0,1
Leah Bennett,F,351863477,1999-10-04,Doctorate,School of Graduate Studies,0,0
Tracy Ferguson,F,549235572,1994-07-15,Masters,Graduate School of Education,0,1
David Thomas,M,780082122,1994-12-31,Doctorate,School of Graduate Studies,0,0
Pamela Delgado,F,433800739,1995-12-17,Masters,School of Graduate Studies,0,1
Rachel Macias,F,305613330,1999-01-07,Postdoctoral studies,School of Graduate Studies,0,0
Jennifer Villa,F,104433543,1998-11-11,Masters,School of Graduate Studies,0,0
Christina Carter,F,271767901,2000-05-03,Masters,School of Graduate Studies,0,0
Joshua Wong MD,M,220456541,1999-12-26,Masters,Graduate School of Education,0,0
Anthony Rosario,M,676694545,1999-11-26,Postdoctoral studies,School of Graduate Studies,0,0
Steven Ramirez,M,583499688,1997-03-03,Masters,School of Graduate Studies,0,0
Victoria Gomez,F,885238581,1994-02-09,Doctorate,School of Graduate Studies,0,0
Mary Woodard,F,100417320,2000-06-04,Doctorate,School of Graduate Studies,0,1
Justin Waters,M,213042246,1994-11-19,Masters,School of Graduate Studies,0,1
Mason Rios,M,188388066,1999-12-10,Masters,School of Graduate Studies,0,1
Tiffany Jackson,F,403637359,1999-11-26,Masters,Graduate School of Education,0,0
James Sullivan,M,496885893,2000-01-30,Postdoctoral studies,School of Graduate Studies,0,0
Jamie Griffin,F,508092188,2000-07-12,Doctorate,School of Graduate Studies,0,0
Christopher Summers DDS,M,672252203,1997-04-15,Doctorate,School of Graduate Studies,0,0
Craig Wolfe,M,712221720,1994-01-19,Masters,School of Graduate Studies,0,0
Misty Carroll,F,328139493,1998-11-07,Masters,School of Graduate Studies,0,0
Grace Church,F,651039157,1996-07-09,Masters,School of Graduate Studies,0,1
Russell Myers,M,912675600,1994-08-18,Masters,Graduate School of Education,1,1
Gerald Alvarez,M,625445648,2000-04-23,Masters,School of Graduate Studies,0,0
Jennifer Nguyen,F,378671036,1997-10-31,Masters,School of Graduate Studies,0,0
Tammy Stevens,F,852160525,1997-11-26,Postdoctoral studies,Graduate School of Education,0,0
Joseph Thomas,M,820697098,1998-07-29,Doctorate,School of Graduate Studies,0,0
Kara Campbell,F,430078831,1994-11-12,Masters,Graduate School of Education,0,0
Brent Green,M,828706411,1997-01-22,Masters,School of Graduate Studies,0,1
Kylie Macdonald,F,186876606,1995-04-13,Doctorate,School of Graduate Studies,0,0
Helen Garcia,F,490946433,2000-02-18,Masters,Graduate School of Education,0,1
Gavin Rivera,M,931339095,1999-01-16,Masters,School of Graduate Studies,0,1
James Khan,M,632048642,1998-08-04,Masters,Graduate School of Education,0,0
Hunter Flores,M,327375663,1995-02-03,Doctorate,School of Graduate Studies,0,0
Cindy Sharp MD,F,395445271,1999-04-18,Masters,Graduate School of Education,1,0
Kimberly Medina,F,167317776,1996-03-01,Doctorate,School of Graduate Studies,0,0
James Bates,M,777089352,1995-09-07,Masters,School of Graduate Studies,1,0
Joshua Perez,M,184887966,2000-06-09,Postdoctoral studies,Graduate School of Education,0,0
Veronica Davis,F,661746612,1997-05-11,Masters,School of Graduate Studies,0,1
Sandra Massey,F,896429588,1997-01-17,Masters,Graduate School of Applied and Professional Psychology,0,1
Linda Lawson,F,917712975,1999-12-28,Masters,School of Graduate Studies,0,0
Jeffrey Mitchell,M,765995181,1995-03-05,Doctorate,School of Graduate Studies,0,0
Patrick Gonzalez MD,M,783183280,1996-02-09,Doctorate,Graduate School of Applied and Professional Psychology,0,0
Nancy Hart DVM,F,249801549,1998-03-31,Doctorate,School of Graduate Studies,0,0
Lauren Barr,F,726179892,1993-11-02,Doctorate,School of Graduate Studies,0,0
Amy Huber,F,779992515,1997-06-04,Postdoctoral studies,Graduate School of Applied and Professional Psychology,0,0
Joshua Fuller,M,687810848,1997-10-23,Postdoctoral studies,School of Graduate Studies,0,1
Chris Evans,M,835844922,1997-07-17,Doctorate,Graduate School of Education,0,1
Katherine Snow MD,F,729387758,1998-02-03,Masters,Graduate School of Applied and Professional Psychology,0,0
Robert Wells,M,729336912,1995-12-06,Doctorate,School of Graduate Studies,0,0
Shawn Malone,M,337390734,1997-03-08,Masters,School of Graduate Studies,0,0
Kristina Simpson,F,890745606,1994-09-23,Masters,School of Graduate Studies,1,1
Kelly Kline,F,418644063,1998-08-08,Masters,School of Graduate Studies,0,1
Robyn Smith,F,569791106,1994-04-03,Doctorate,School of Graduate Studies,0,0
Janet Massey,F,349925309,1993-10-17,Masters,School of Graduate Studies,0,0
Bradley Costa,M,957241549,1999-01-02,Postdoctoral studies,School of Graduate Studies,0,1
Daniel Fitzgerald,M,655552857,1994-12-16,Masters,Graduate School of Education,0,0
Jennifer Willis,F,846046842,2000-03-03,Masters,Graduate School of Education,0,0
Dr. Michael Foster,M,366005274,1994-01-05,Masters,Graduate School of Education,0,0
Craig Castillo,M,217973867,1997-11-07,Masters,School of Graduate Studies,0,1
William Berry,M,646977466,1995-07-04,Masters,Graduate School of Education,0,0
Lori Burns,F,290766371,1999-09-13,Postdoctoral studies,School of Graduate Studies,0,0
Amanda Campbell,F,818321463,1998-04-23,Masters,School of Graduate Studies,0,0
Chelsea Jackson,F,394089200,1997-01-12,Masters,School of Graduate Studies,0,0
Donald Thompson,M,348879852,1997-07-19,Doctorate,School of Graduate Studies,0,0
Scott Davis,M,668975544,1998-05-09,Doctorate,School of Graduate Studies,0,0
Victoria Warren,F,717130839,2000-05-06,Doctorate,School of Graduate Studies,0,1
Andrea Wheeler,F,832545338,1996-10-29,Postdoctoral studies,Graduate School of Applied and Professional Psychology,0,0
Linda Nunez,F,941556538,1998-04-24,Masters,Graduate School of Applied and Professional Psychology,1,0
David Lopez,M,166851305,1999-07-20,Masters,Graduate School of Applied and Professional Psychology,0,1
James Leonard,M,465325155,1997-01-07,Masters,School of Graduate Studies,0,1
Robert Burns,M,396649304,1999-08-07,Masters,School of Graduate Studies,0,1
Joseph Alvarez,M,869444659,1996-08-21,Masters,School of Graduate Studies,0,0
Kayla Yates,F,916988988,2000-05-12,Masters,School of Graduate Studies,0,0
James Baker,M,825115017,1997-11-02,Masters,Graduate School of Applied and Professional Psychology,0,1
Daniel Erickson,M,562234442,1994-09-13,Masters,School of Graduate Studies,0,0
Kevin Montgomery,M,127280424,1999-11-20,Masters,Graduate School of Applied and Professional Psychology,0,1
Tonya Glover,F,320877370,1997-01-15,Masters,Graduate School of Education,0,0
Kristina Bradley,F,605713011,1997-09-04,Doctorate,School of Graduate Studies,0,0
Wesley Bruce,M,120562771,1998-10-07,Doctorate,School of Graduate Studies,0,0
Emily Cole,F,735286016,1996-11-05,Masters,School of Graduate Studies,0,0
Elizabeth Crosby,F,345382874,1995-03-05,Masters,School of Graduate Studies,0,0
Jacob Copeland,M,874272260,1996-01-31,Doctorate,Graduate School of Education,1,0
Carol Campbell,F,183435393,1996-08-14,Masters,School of Graduate Studies,0,0
Robert Rodriguez,M,492207595,1994-05-29,Masters,School of Graduate Studies,0,0
Jeffrey Padilla,M,709613671,2000-05-29,Doctorate,School of Graduate Studies,0,0
Eric Delgado,M,240638515,1995-08-31,Doctorate,School of Graduate Studies,0,0
Brian Greer,M,834210283,1993-12-01,Masters,School of Graduate Studies,0,0
Amanda Williams,F,606559155,1999-02-13,Doctorate,Graduate School of Education,0,0
Randy Flores,M,726936801,1996-11-01,Masters,Graduate School of Applied and Professional Psychology,0,0
Melissa Alexander,F,177301240,1997-04-14,Doctorate,School of Graduate Studies,0,0
Richard Guzman,M,688579552,1998-08-29,Doctorate,School of Graduate Studies,0,0
Steven Hernandez,M,345159952,1996-05-22,Doctorate,School of Graduate Studies,0,0
Michael Rivera,M,787511634,1997-12-25,Doctorate,School of Graduate Studies,0,0
Erin Miller,F,333529713,2000-03-20,Masters,Graduate School of Education,0,0
Brad Brown,M,241304572,1994-06-20,Doctorate,School of Graduate Studies,0,0
Michael Wall,M,903907701,1995-05-14,Masters,Graduate School of Education,1,1
Dana Holloway,F,543379871,1996-07-17,Doctorate,Graduate School of Education,0,0
Mrs. Brandi Petersen MD,F,699646051,1997-11-25,Masters,School of Graduate Studies,0,1
Chad Pittman,M,689895684,1995-07-12,Doctorate,Graduate School of Education,0,0
Crystal Davis,F,855501919,2000-04-29,Postdoctoral studies,School of Graduate Studies,0,0
Samantha Murphy,F,525101231,1998-03-06,Masters,School of Graduate Studies,0,1
Taylor Wiley,F,341882434,2000-08-14,Doctorate,School of Graduate Studies,0,1
Jose Flores,M,978675121,1999-01-20,Doctorate,School of Graduate Studies,0,1
Chad Wood,M,521419859,1996-03-26,Masters,School of Graduate Studies,0,0
Alicia Lee,F,883710452,1994-05-13,Doctorate,Graduate School of Education,0,1
Ryan Willis III,M,604943211,1995-12-02,Masters,Graduate School of Education,0,1
Amy Mcintosh,F,117968882,1997-11-15,Masters,School of Graduate Studies,0,0
Bethany Jones,F,900683558,1994-09-11,Masters,School of Graduate Studies,0,0
Heather Good,F,142554686,1994-03-24,Masters,School of Graduate Studies,0,0
Donna Gardner,F,437326349,1996-04-09,Masters,School of Graduate Studies,0,0
Elaine Carney,F,685750110,2000-01-24,Doctorate,School of Graduate Studies,0,0
Shaun Anderson,M,756104146,1996-04-11,Masters,School of Graduate Studies,0,1
Kayla Juarez,F,829456765,1999-04-16,Masters,Graduate School of Education,0,1
Christopher Harris,M,722245603,1994-10-01,Postdoctoral studies,School of Graduate Studies,0,1
Juan Beck,M,269560653,1998-02-07,Masters,School of Graduate Studies,1,0
Linda Decker,F,339357828,1997-04-25,Masters,School of Graduate Studies,0,0
Julia Edwards,F,847026057,1999-12-01,Masters,Graduate School of Applied and Professional Psychology,0,0
April Smith,F,970932882,1995-11-17,Postdoctoral studies,School of Graduate Studies,0,1
David Singh,M,155806640,1994-06-01,Doctorate,School of Graduate Studies,0,0
Tammy Simmons,F,626841482,1998-07-10,Doctorate,Graduate School of Education,0,1
Erica Hudson,F,780140231,1995-08-14,Doctorate,Graduate School of Applied and Professional Psychology,0,0
Daniel Reynolds,M,240609700,1996-03-26,Doctorate,School of Graduate Studies,0,1
David Smith,M,387958197,1994-04-07,Doctorate,School of Graduate Studies,0,1
William Edwards,M,326659947,1999-01-10,Doctorate,School of Graduate Studies,0,0
Shannon Anderson,M,651762565,1996-10-15,Masters,Graduate School of Applied and Professional Psychology,0,0
Savannah Rosales,F,308534398,1995-08-13,Masters,School of Graduate Studies,0,0
Robert Morton,M,495222926,1996-09-14,Doctorate,School of Graduate Studies,0,0
James Atkins,M,181530239,1999-08-08,Doctorate,School of Graduate Studies,0,0
Julie Wells,F,957297167,1997-12-24,Postdoctoral studies,Graduate School of Applied and Professional Psychology,0,0
Valerie Gonzalez,F,805749635,1994-11-12,Masters,School of Graduate Studies,0,0
Derek Walton,M,719633595,1997-07-18,Masters,School of Graduate Studies,0,0
Kayla Reed,F,213151353,1999-06-13,Masters,Graduate School of Applied and Professional Psychology,0,1
Kevin Walker,M,730666223,1995-01-04,Masters,Graduate School of Education,0,0
Kim White,F,324364740,1997-04-09,Doctorate,School of Graduate Studies,0,0
Douglas Woods,M,981577565,1996-12-12,Masters,School of Graduate Studies,0,1
Lori Chavez,F,267359465,1997-03-11,Doctorate,Graduate School of Applied and Professional Psychology,0,1
Christine Allen,F,960874939,1997-05-21,Doctorate,School of Graduate Studies,0,0
Joseph Riley,M,428858976,1995-11-21,Masters,School of Graduate Studies,0,1
Lisa Jenkins,F,880684383,1996-10-22,Masters,Graduate School of Applied and Professional Psychology,0,0
Rebecca Porter,F,711345442,1994-08-25,Doctorate,Graduate School of Education,0,0
Kelli Fleming,F,178027982,2000-09-13,Doctorate,Graduate School of Applied and Professional Psychology,0,0
Natalie Murray,F,991115303,2000-05-10,Doctorate,Graduate School of Applied and Professional Psychology,0,0
Eugene Scott,M,860565178,1994-07-17,Masters,School of Graduate Studies,0,1
Anthony Macdonald,M,336616496,1995-01-17,Doctorate,Graduate School of Education,0,0
Debbie Donovan,F,145773771,1994-11-13,Postdoctoral studies,School of Graduate Studies,0,0
Jessica Morris,F,991224142,1995-06-24,Doctorate,School of Graduate Studies,0,1
Annette Vargas,F,876931294,1997-04-03,Doctorate,Graduate School of Education,0,1
Lisa Cole,F,945993428,1997-02-04,Doctorate,School of Graduate Studies,0,0
Megan Rojas,F,364515606,1994-10-25,Masters,School of Graduate Studies,0,0
Teresa Fuentes,F,180236345,1997-03-25,Masters,School of Graduate Studies,0,1
Lisa Hughes MD,F,857362685,1998-01-06,Masters,School of Graduate Studies,0,1
Lisa Griffith,F,139645633,1996-10-01,Masters,School of Graduate Studies,0,1
Paul Day,M,456187569,1997-06-30,Postdoctoral studies,School of Graduate Studies,0,0
Rebecca Torres,F,445932324,1995-08-21,Masters,School of Graduate Studies,0,0
Tiffany Boyd,F,973099919,1999-11-04,Postdoctoral studies,School of Graduate Studies,0,0
Michael Chaney,M,869441527,1994-06-16,Masters,School of Graduate Studies,0,0
Stephen Stewart,M,810746544,1999-05-27,Doctorate,School of Graduate Studies,0,0
Kimberly Ochoa,F,618132128,1999-04-13,Masters,School of Graduate Studies,0,1
Jesus Brown,M,536924383,1999-09-16,Doctorate,School of Graduate Studies,0,0
Deborah Jones,F,918598166,1993-11-01,Masters,School of Graduate Studies,0,0
Justin Goodwin,M,471576128,2000-03-13,Doctorate,Graduate School of Applied and Professional Psychology,0,0
Alexander Ray,M,195505169,2000-09-04,Masters,School of Graduate Studies,0,1
Brandon Stanley Jr.,M,723594132,1993-11-07,Postdoctoral studies,School of Graduate Studies,0,0
Ronald Cooper,M,798354583,1998-02-28,Doctorate,Graduate School of Applied and Professional Psychology,0,0
Lisa Mendez,F,947816091,1995-04-25,Doctorate,Graduate School of Education,0,0
George Lester,M,482075628,1998-09-20,Doctorate,School of Graduate Studies,0,1
Melissa Black,F,375921368,2000-04-02,Postdoctoral studies,School of Graduate Studies,0,0
Sarah Anderson,F,487611537,2000-08-07,Doctorate,Graduate School of Applied and Professional Psychology,0,0
Dustin Miller,M,912758353,1993-12-08,Masters,School of Graduate Studies,0,0
Vanessa Mcintosh,F,304033971,1997-07-12,Masters,School of Graduate Studies,0,0
Bianca Crawford,F,959283731,1996-09-26,Doctorate,School of Graduate Studies,0,1
Kristin Carter,F,502546825,1996-04-18,Doctorate,Graduate School of Education,0,0
Brandon Valdez,M,874832873,1995-05-11,Doctorate,School of Graduate Studies,0,0
Sean Vance,M,970879910,1997-10-08,Masters,School of Graduate Studies,0,0
Natalie Henderson,F,726950058,1993-10-04,Doctorate,Graduate School of Education,0,0
Shannon Armstrong,F,118930146,1996-03-07,Masters,School of Graduate Studies,0,1
Jeffrey Diaz,M,238873203,2000-06-22,Doctorate,School of Graduate Studies,0,0
Randy Edwards,M,816753313,1999-11-30,Masters,Graduate School of Education,0,0
Jennifer Thomas,F,691404039,2000-09-06,Masters,School of Graduate Studies,0,1
Mary Beltran,F,707626866,2000-06-19,Postdoctoral studies,School of Graduate Studies,0,0
Michael Flores,M,735017836,1996-03-28,Masters,School of Graduate Studies,0,0
Anthony Martin,M,118442075,1994-07-03,Masters,School of Graduate Studies,1,1
Dr. Jason Soto,M,705315739,1999-01-26,Masters,School of Graduate Studies,0,0
Luis Anderson,M,369281049,1998-02-05,Doctorate,School of Graduate Studies,0,1
Aaron Gomez,M,563425140,1998-12-15,Masters,School of Graduate Studies,0,1
Kimberly Young,F,987862108,1996-01-03,Postdoctoral studies,School of Graduate Studies,0,0
Thomas Nixon,M,408456852,1994-03-20,Masters,School of Graduate Studies,0,0
Angela Bullock,F,961313375,1997-04-15,Doctorate,School of Graduate Studies,0,0
Andrew Rodriguez,M,841316794,1999-07-17,Masters,School of Graduate Studies,0,0
Kimberly Shannon,F,489020052,1995-11-17,Masters,School of Graduate Studies,0,0
Kelly Allen,F,891517062,2000-07-10,Masters,Graduate School of Applied and Professional Psychology,0,0
Shannon Lopez,F,451951837,1996-04-17,Masters,Graduate School of Education,0,0
Jerry Turner,M,577747722,1998-03-09,Masters,Graduate School of Education,0,0
Brittney Smith,F,941976581,1994-11-15,Masters,School of Graduate Studies,0,0
Timothy Walker,M,452450926,1995-05-09,Doctorate,School of Graduate Studies,0,0
Debra Mccarthy,F,610422966,1994-10-25,Masters,Graduate School of Education,0,0
Kathryn Little,F,426202644,1998-08-24,Doctorate,School of Graduate Studies,0,0
Lindsey Walton,F,632194492,1995-11-24,Doctorate,School of Graduate Studies,0,0
Abigail Shepard,F,181982936,1997-04-02,Doctorate,School of Graduate Studies,0,1
Steven Villegas,M,146866546,1999-12-25,Doctorate,Graduate School of Education,0,1
Regina Baxter,F,166165012,1996-07-20,Doctorate,School of Graduate Studies,0,0
Rachel Becker,F,168156325,1997-03-12,Masters,Graduate School of Education,0,0
Ashley Chan,F,509779376,2000-09-27,Masters,Graduate School of Education,0,1
Laura Campbell,F,236089260,1997-09-10,Doctorate,School of Graduate Studies,0,0
Brett Wells,M,927586162,1993-12-17,Doctorate,School of Graduate Studies,0,0
Mr. James Flores,M,391257389,1999-12-21,Doctorate,School of Graduate Studies,0,0
James Rush,M,981460322,1996-09-26,Doctorate,School of Graduate Studies,0,0
Thomas Kelly,M,921623393,1995-10-13,Doctorate,Graduate School of Education,0,1
Jessica Beck,F,426633603,1996-06-16,Doctorate,Graduate School of Education,0,0
Eric Johnson,M,336539200,1995-11-14,Masters,School of Graduate Studies,0,1
Carrie Marks,F,108454752,1997-01-27,Postdoctoral studies,School of Graduate Studies,0,0
Angela Herrera,F,245264306,1995-04-13,Doctorate,School of Graduate Studies,0,0
Brandon Myers,M,785725200,1999-11-14,Masters,Graduate School of Applied and Professional Psychology,0,0
Terri George DVM,F,201814183,1994-07-25,Masters,School of Graduate Studies,0,1
Brittany Dickerson,F,729653073,1999-09-04,Masters,Graduate School of Education,0,1
Michael Marshall,M,728246998,1999-11-26,Masters,Graduate School of Education,0,0
Janet Lin,F,504379296,1997-05-02,Masters,School of Graduate Studies,0,1
Robert Gordon,M,524513054,1994-06-03,Masters,School of Graduate Studies,0,1
Joyce Woods,F,506251343,1994-09-13,Masters,School of Graduate Studies,0,0
Adrian Walker,M,550478435,2000-02-29,Doctorate,Graduate School of Education,0,0
Connie Johnson,F,684646793,1999-07-19,Doctorate,School of Graduate Studies,0,1
Kent Parks,M,767349853,1998-08-31,Doctorate,School of Graduate Studies,0,1
Cody Flores,M,217104207,1994-06-29,Masters,Graduate School of Education,0,0
Lindsey Navarro,F,292651928,1995-08-03,Masters,School of Graduate Studies,0,1
Lisa Matthews,F,580229064,1997-08-17,Masters,School of Graduate Studies,0,0
Michael Kim,M,571314130,1998-07-09,Masters,School of Graduate Studies,0,0
Christopher Campbell,M,489623197,1999-07-24,Doctorate,Graduate School of Education,0,1
Jacob Hall,M,573768429,1999-01-04,Doctorate,Graduate School of Education,0,0
Lisa White,F,896372298,1996-10-12,Doctorate,School of Graduate Studies,0,1
James Rodriguez,M,146500416,1998-10-29,Masters,Graduate School of Education,0,0
Jacob Jones,M,843436971,1996-07-03,Masters,School of Graduate Studies,1,0
Eric Rodriguez,M,318602753,2000-03-09,Doctorate,School of Graduate Studies,0,0
Jessica Pierce,F,291451880,2000-02-22,Masters,School of Graduate Studies,0,1
Mark Brewer,M,991503982,1994-07-13,Doctorate,School of Graduate Studies,0,1
Jill Jenkins,F,847838606,1997-11-25,Masters,School of Graduate Studies,0,0
Haley Weiss,F,202156014,1999-04-22,Postdoctoral studies,School of Graduate Studies,0,0
Allen Sullivan,M,434887395,2000-05-15,Doctorate,School of Graduate Studies,0,0
Elaine Nguyen,F,822326298,1998-03-18,Masters,Graduate School of Applied and Professional Psychology,0,0
Sharon Hebert MD,F,912848528,1998-01-30,Masters,School of Graduate Studies,0,0
Gregory Newman,M,988311880,1995-04-13,Masters,Graduate School of Education,0,1
Mark Best,M,370253445,1997-01-01,Postdoctoral studies,School of Graduate Studies,0,0
Jonathan Barber,M,824552244,2000-01-14,Masters,Graduate School of Education,0,0
Samuel Ramirez,M,511445104,1999-05-11,Masters,Graduate School of Education,0,0
Jennifer Benton,F,537498786,1996-08-30,Masters,School of Graduate Studies,0,1
Shawn Price,M,592332871,1998-04-09,Masters,School of Graduate Studies,0,0
Suzanne Taylor,F,491798819,1994-11-13,Doctorate,Graduate School of Education,0,0
Jim Little,M,155223643,1998-08-25,Masters,School of Graduate Studies,0,0
Vickie Campos,F,592258561,1998-01-05,Doctorate,Graduate School of Applied and Professional Psychology,0,1
Maria Kline,F,549235557,1995-09-20,Doctorate,School of Graduate Studies,0,0
Kevin Hernandez,M,848476428,1997-11-23,Masters,School of Graduate Studies,0,0
Ronald Blake,M,129281576,1996-09-01,Masters,School of Graduate Studies,0,0
Beth Leonard,F,832179691,1998-09-27,Masters,School of Graduate Studies,0,0
Margaret Oliver,F,209949156,2000-08-28,Masters,Graduate School of Education,0,0
Tara Keller,F,304709056,1993-12-31,Doctorate,Graduate School of Education,0,0
Denise Lopez,F,261361321,1994-06-15,Doctorate,Graduate School of Education,0,0
Dr. Juan Parks Jr.,M,979682750,2000-05-03,Masters,Graduate School of Education,0,1
William Orozco,M,296345096,1998-02-10,Masters,School of Graduate Studies,1,0
Richard Johnson,M,740840680,1998-02-19,Masters,School of Graduate Studies,0,0
Angela Howard,F,148428363,2000-04-19,Masters,Graduate School of Applied and Professional Psychology,0,0
Leslie Colon,F,922235231,1998-05-05,Masters,School of Graduate Studies,0,1
Colleen Gomez,F,102866432,1995-08-04,Masters,School of Graduate Studies,0,1
Joshua Gutierrez,M,569819697,1998-05-12,Masters,School of Graduate Studies,0,0
Christopher Brown,M,790721993,1994-09-04,Doctorate,School of Graduate Studies,1,0
Amanda Lewis,F,319319861,1998-01-26,Masters,School of Graduate Studies,0,0
Jane Smith,F,105401358,1996-11-19,Masters,School of Graduate Studies,0,0
Glenn Thomas,M,631737741,1996-09-04,Masters,School of Graduate Studies,0,0
Shannon Harris,F,285718600,1994-11-02,Postdoctoral studies,Graduate School of Applied and Professional Psychology,0,0
Keith Smith,M,196098469,1997-06-07,Masters,School of Graduate Studies,0,0
Wendy Gonzales,F,896637582,1993-12-03,Doctorate,School of Graduate Studies,0,0
John Crawford,M,172184965,1999-09-29,Postdoctoral studies,School of Graduate Studies,0,0
Jordan Leonard,F,624295371,1995-11-26,Postdoctoral studies,School of Graduate Studies,0,0
Dr. John Kaufman MD,M,358171459,1994-07-31,Doctorate,School of Graduate Studies,0,0
Melissa Rice,F,139167928,1994-02-24,Masters,School of Graduate Studies,0,1
John Snyder,M,662742111,2000-07-29,Masters,School of Graduate Studies,0,0
Annette Harris,F,746891046,1998-06-06,Masters,School of Graduate Studies,0,1
Christina Hernandez,F,885969940,1994-10-15,Doctorate,School of Graduate Studies,0,0
Vanessa Cole,F,793855657,2000-01-05,Doctorate,School of Graduate Studies,0,1
Jordan Lee,M,810788821,1999-05-12,Doctorate,Graduate School of Education,0,1
Christopher Sanchez,M,651898216,1997-11-18,Masters,School of Graduate Studies,0,1
Lori Johnson,F,267054373,1995-12-27,Masters,Graduate School of Education,0,1
Joshua Velazquez,M,608653754,1999-07-31,Masters,School of Graduate Studies,0,0
Amber Hunt,F,543970794,1997-12-03,Doctorate,School of Graduate Studies,0,0
Terri Brown,F,407975472,1999-06-21,Masters,School of Graduate Studies,0,0
Julie Swanson,F,419202746,1999-11-18,Masters,School of Graduate Studies,0,0
Kim Bruce,F,998296892,1999-08-25,Masters,School of Graduate Studies,1,0
David Waters,M,526279067,1995-11-24,Doctorate,School of Graduate Studies,0,0
Amber Schmidt,F,589993204,1999-06-30,Masters,School of Graduate Studies,0,0
Pamela Escobar,F,252210667,1997-02-28,Doctorate,Graduate School of Education,0,1
Victor Parker,M,529187675,1993-10-29,Masters,School of Graduate Studies,0,1
Thomas Young,M,687006812,1994-07-10,Doctorate,School of Graduate Studies,0,0
Derrick Walker,M,811289734,1997-03-05,Masters,Graduate School of Education,0,0
Gina Johnson,F,637469952,1994-08-18,Masters,Graduate School of Applied and Professional Psychology,0,0
Ebony Sparks,F,428065992,1994-04-07,Masters,School of Graduate Studies,0,1
William Ashley,M,854862649,1994-06-07,Masters,School of Graduate Studies,0,0
Lauren Barnes,F,401310698,1994-09-19,Masters,School of Graduate Studies,0,1
Amanda Powers,F,845085757,1997-01-10,Doctorate,Graduate School of Education,0,1
Carol Hill,F,665720178,1994-08-17,Doctorate,School of Graduate Studies,0,0
Melanie Johnson,F,363361677,1993-12-02,Doctorate,School of Graduate Studies,0,1
Ashley Doyle,F,326458489,1996-09-17,Doctorate,School of Graduate Studies,0,0
Heather Benjamin,F,212120969,1995-12-30,Masters,School of Graduate Studies,0,1
Kyle Mann,M,938001654,1997-05-21,Postdoctoral studies,School of Graduate Studies,0,1
Karl Peterson,M,985128639,1996-10-15,Masters,School of Graduate Studies,0,0
Heather English,F,249885081,1995-08-13,Doctorate,School of Graduate Studies,0,0
Dr. Lindsey Collins,F,294719640,1998-12-18,Masters,School of Graduate Studies,0,0
Kimberly Delgado,F,183018889,1996-09-04,Doctorate,Graduate School of Education,0,0
Caleb Evans,M,776196650,1999-07-28,Postdoctoral studies,Graduate School of Education,0,0
Rebecca Odonnell,F,412862940,2000-01-01,Doctorate,School of Graduate Studies,0,1
Lindsey Adams,F,398406460,2000-08-15,Doctorate,School of Graduate Studies,0,1
Andrew Smith,M,520047249,1996-08-17,Masters,School of Graduate Studies,0,0
Chad Garcia,M,668720571,1997-04-21,Doctorate,School of Graduate Studies,1,1
Scott Wood,M,691423317,1996-06-29,Doctorate,School of Graduate Studies,0,0
Craig Long,M,461337514,1994-01-27,Doctorate,Graduate School of Applied and Professional Psychology,0,0
Gerald Cardenas,M,247465922,1993-10-02,Masters,School of Graduate Studies,0,0
Lori Noble,F,868667918,1996-10-16,Doctorate,Graduate School of Education,0,0
Tom Rich,M,876514773,1998-03-10,Masters,Graduate School of Applied and Professional Psychology,0,0
Tara Salazar,F,365508735,1996-02-03,Masters,School of Graduate Studies,0,1
Christie Williams,F,110858185,1994-07-13,Doctorate,School of Graduate Studies,0,0
Shane Sanders,M,166486603,1995-04-24,Doctorate,School of Graduate Studies,1,0
Jose Schwartz,M,434801890,2000-01-04,Masters,Graduate School of Education,0,0
Angela Rose,F,952817574,1995-10-11,Masters,School of Graduate Studies,0,0
Christy Chang,F,840987713,1995-08-16,Doctorate,Graduate School of Education,1,0
Jasmine Mitchell,F,988970186,1996-03-22,Doctorate,School of Graduate Studies,0,0
Jonathan Keith,M,268661899,1995-10-15,Masters,School of Graduate Studies,0,0
Christopher Young,M,349176751,1997-01-05,Doctorate,Graduate School of Education,0,1
Gary Nelson,M,383189877,1995-06-13,Masters,Graduate School of Education,0,1
Michael Stevens,M,400364963,1995-12-30,Postdoctoral studies,School of Graduate Studies,0,0
Beth Powell,F,903822116,1999-11-17,Masters,School of Graduate Studies,0,0
Deanna Dodson,F,627564769,1997-06-02,Masters,Graduate School of Education,0,0
Eric Roberts,M,666688015,1997-06-24,Doctorate,Graduate School of Education,0,0
Lori Villanueva,F,473841916,1993-12-22,Masters,Graduate School of Education,1,1
Jessica Schmidt,F,873406136,1996-06-12,Masters,School of Graduate Studies,0,1
Danielle Aguilar,F,392453270,1995-11-21,Masters,School of Graduate Studies,0,0
Raymond Adams,M,868063888,1998-12-06,Doctorate,School of Graduate Studies,0,1
Jennifer Snyder,F,441845838,1995-09-18,Doctorate,Graduate School of Education,0,0
Benjamin Grant,M,638311228,1995-10-21,Doctorate,Graduate School of Education,0,0
Brandon Chandler,M,139704493,1999-01-12,Masters,Graduate School of Education,0,0
Samantha Warner,F,980598388,1999-11-18,Masters,Graduate School of Education,0,0
Michael Williams,M,903526179,1994-09-04,Doctorate,School of Graduate Studies,0,0
Melissa Davis,F,996494412,2000-07-06,Masters,School of Graduate Studies,0,1
Hunter Lindsey,M,138866869,1998-01-11,Masters,School of Graduate Studies,0,0
Larry Hickman,M,312669093,2000-07-22,Masters,Graduate School of Education,1,1
Jonathan Dunn,M,816438958,1997-12-11,Doctorate,School of Graduate Studies,0,0
Tonya Potter,F,324247263,1995-01-12,Doctorate,School of Graduate Studies,0,1
Mary Becker DVM,F,292106236,1999-06-30,Doctorate,School of Graduate Studies,0,0
Dennis Wheeler,M,180694368,1997-02-03,Doctorate,Graduate School of Education,0,1
Kathryn Kelly,F,671701361,1995-11-30,Masters,School of Graduate Studies,0,0
Jonathan Trujillo,M,364634589,1997-06-28,Doctorate,School of Graduate Studies,0,0
Daniel Zavala,M,538701125,1994-08-15,Masters,School of Graduate Studies,0,0
Michael Richmond,M,775571521,1994-07-30,Masters,School of Graduate Studies,0,0
Angela Silva,F,265409884,1996-05-17,Masters,Graduate School of Applied and Professional Psychology,0,0
Jason Wilson,M,561366071,1999-03-15,Masters,School of Graduate Studies,0,0
Stacey Arias,F,351885100,1999-04-27,Doctorate,School of Graduate Studies,0,0
Crystal Smith,F,289841175,1994-02-17,Masters,Graduate School of Education,0,0
Travis Wilson,M,296810302,1996-09-25,Masters,School of Graduate Studies,0,0
Jason Taylor,M,597100022,1996-07-18,Doctorate,Graduate School of Applied and Professional Psychology,0,0
Elizabeth Archer,F,385992529,1994-01-02,Postdoctoral studies,School of Graduate Studies,0,1
Matthew Jefferson,M,294603607,1999-07-09,Masters,School of Graduate Studies,0,0
Carol White,F,509392829,1996-06-13,Masters,School of Graduate Studies,0,0
Linda Moreno,F,509114209,1994-04-15,Doctorate,School of Graduate Studies,0,0
Sally Curtis,F,193855824,1996-04-07,Doctorate,Graduate School of Applied and Professional Psychology,0,0
David Wallace,M,647947309,1997-03-24,Masters,School of Graduate Studies,0,1
Gabrielle Evans,F,660182773,1994-06-20,Masters,School of Graduate Studies,0,0
Laura Martin,F,838359336,1994-06-27,Doctorate,Graduate School of Education,0,0
William House,M,782518666,1999-03-22,Masters,School of Graduate Studies,0,1
Jessica Jennings,F,147251528,1994-01-26,Masters,Graduate School of Education,0,1
Brenda Smith,F,742256962,1994-10-02,Doctorate,School of Graduate Studies,0,1
David Brewer,M,910927520,1996-01-27,Doctorate,Graduate School of Education,0,0
Timothy Sutton,M,452167855,1998-12-14,Doctorate,Graduate School of Education,0,0
Brandy Gutierrez,F,273991553,1997-06-21,Doctorate,School of Graduate Studies,0,0
Felicia Murphy,F,207931801,1997-04-10,Masters,School of Graduate Studies,0,0
Joseph Freeman,M,421470578,1998-07-16,Masters,School of Graduate Studies,0,1
Angela Gonzalez,F,211232698,1996-06-01,Masters,School of Graduate Studies,0,0
Robert Johnson,M,246373729,1997-09-14,Postdoctoral studies,School of Graduate Studies,0,0
Dr. Eric Tran,M,344087765,1996-08-17,Masters,Graduate School of Applied and Professional Psychology,1,0
Kayla Chandler,F,586298732,1994-02-23,Doctorate,School of Graduate Studies,0,1
Juan Anderson,M,218868927,1995-11-27,Masters,School of Graduate Studies,0,0
Susan Small,F,128783502,1998-03-11,Postdoctoral studies,School of Graduate Studies,0,0
Sarah Olsen,F,505032182,1994-06-30,Masters,School of Graduate Studies,0,0
Madison Johnson,F,373563652,1995-02-13,Masters,School of Graduate Studies,0,1
Brittany Coleman,F,710440351,1999-09-03,Masters,School of Graduate Studies,0,1
Hailey Ray,F,301164557,1995-07-30,Doctorate,School of Graduate Studies,0,1
Jonathan Ross,M,124503017,1997-07-09,Masters,School of Graduate Studies,0,0
Dawn Palmer,F,746951094,1995-11-14,Masters,School of Graduate Studies,0,0
Betty Trevino,F,354948710,1996-03-30,Postdoctoral studies,School of Graduate Studies,0,0
Timothy Flores,M,718828378,2000-02-03,Masters,School of Graduate Studies,0,0
Steven Shaw,M,313961225,1999-06-30,Masters,School of Graduate Studies,0,1
Christopher Sanchez,M,244210323,1999-01-12,Masters,School of Graduate Studies,0,0
Melanie Maddox,F,908813991,1998-10-09,Masters,Graduate School of Applied and Professional Psychology,0,0
Anita Hampton,F,996025107,2000-08-29,Postdoctoral studies,School of Graduate Studies,0,0
Jason Hansen,M,148098806,1993-11-06,Postdoctoral studies,Graduate School of Applied and Professional Psychology,0,0
Alan Mcdaniel,M,597344439,1995-08-09,Masters,School of Graduate Studies,1,0
Shelby Leon,F,832266765,1996-04-28,Masters,Graduate School of Applied and Professional Psychology,0,0
Rachel Wilkins,F,577774726,1994-10-18,Doctorate,School of Graduate Studies,0,0
Gregory Washington,M,471732809,1998-01-24,Doctorate,School of Graduate Studies,0,1
Rhonda Tucker,F,740418327,1993-12-26,Masters,School of Graduate Studies,0,0
